,Age,Sex,Air velocity (m/s),Air temperature (¡C),Radiant temperature (¡C),Relative humidity (%),Outdoor monthly air temperature (¡C),Thermal sensation
0,1.0,2.0,0.1,22.3,23.1,29.0,38.0,-1
1,2.0,2.0,0.1,22.3,23.1,29.0,38.0,-1
2,1.0,2.0,0.1,22.3,23.1,29.0,38.0,-2
5,1.0,1.0,0.1,22.3,23.1,29.0,38.0,0
8,2.0,2.0,0.1,22.3,23.1,29.0,38.0,0
9,2.0,1.0,0.1,22.3,23.1,29.0,38.0,0
10,2.0,1.0,0.1,22.3,23.1,29.0,38.0,1
11,2.0,1.0,0.1,22.3,23.1,29.0,38.0,-1
14,1.0,1.0,0.1,22.3,23.1,29.0,38.0,1
17,2.0,2.0,0.1,22.3,23.1,29.0,38.0,-2
19,1.0,1.0,0.1,22.3,23.1,29.0,38.0,-1
21,2.0,1.0,0.1,22.975,23.1,29.0,38.0,-1
22,2.0,1.0,0.1,22.975,23.1,29.0,38.0,0
23,1.0,2.0,0.1,22.975,23.1,29.0,38.0,0
24,1.0,2.0,0.1,22.975,23.1,29.0,38.0,-1
25,2.0,2.0,0.1,22.975,23.1,29.0,38.0,0
26,1.0,1.0,0.1,22.975,23.1,29.0,38.0,-1
27,2.0,1.0,0.1,22.975,23.1,29.0,38.0,1
30,1.0,1.0,0.1,22.975,23.1,29.0,38.0,0
51,2.0,2.0,0.1,22.975,23.1,29.0,38.0,-1
54,1.0,1.0,0.1,22.65,23.1,21.5,40.0,0
55,2.0,1.0,0.1,22.65,23.1,21.5,40.0,-1
56,1.0,1.0,0.1,22.65,23.1,21.5,40.0,-1
60,1.0,2.0,0.1,22.65,23.1,21.5,40.0,-1
61,2.0,1.0,0.1,22.65,23.1,21.5,40.0,-2
63,2.0,1.0,0.1,22.65,23.1,21.5,40.0,0
69,1.0,2.0,0.1,22.65,23.1,21.5,40.0,0
73,2.0,2.0,0.1,22.65,23.1,21.5,40.0,-1
74,3.0,2.0,0.1,22.65,23.1,21.5,40.0,-2
77,1.0,1.0,0.1,23.7,23.1,49.0,26.8,0
78,2.0,2.0,0.1,23.7,23.1,49.0,26.8,0
79,2.0,1.0,0.1,23.7,23.1,49.0,26.8,1
80,2.0,1.0,0.1,23.7,23.1,49.0,26.8,-1
81,1.0,1.0,0.1,23.7,23.1,49.0,26.8,-1
82,1.0,1.0,0.1,23.7,23.1,49.0,26.8,1
87,2.0,1.0,0.1,23.7,23.1,49.0,26.8,0
95,1.0,2.0,0.1,23.7,23.1,49.0,26.8,0
97,2.0,2.0,0.1,23.7,23.1,49.0,26.8,1
105,1.0,2.0,0.1,23.9,23.1,42.0,29.8,0
107,2.0,2.0,0.1,23.9,23.1,42.0,29.8,0
108,2.0,1.0,0.1,23.9,23.1,42.0,29.8,-1
109,1.0,1.0,0.1,23.9,23.1,42.0,29.8,0
111,2.0,1.0,0.1,23.9,23.1,42.0,29.8,0
115,2.0,2.0,0.1,23.9,23.1,42.0,29.8,-1
124,1.0,2.0,0.1,23.9,23.1,42.0,29.8,-1
128,1.0,1.0,0.1,23.9,23.1,42.0,29.8,1
129,1.0,1.0,0.1,23.7,23.1,37.0,27.2,0
131,2.0,2.0,0.1,23.7,23.1,37.0,27.2,-1
132,2.0,1.0,0.1,23.7,23.1,37.0,27.2,-1
133,2.0,1.0,0.1,23.7,23.1,37.0,27.2,0
135,1.0,1.0,0.1,23.7,23.1,37.0,27.2,-1
138,1.0,2.0,0.1,23.7,23.1,37.0,27.2,0
139,2.0,2.0,0.1,23.7,23.1,37.0,27.2,0
145,3.0,2.0,0.1,23.7,23.1,37.0,27.2,-1
147,1.0,1.0,0.1,23.7,23.1,37.0,27.2,1
156,3.0,1.0,0.1,23.7,23.1,37.0,27.2,0
161,1.0,2.0,0.1,23.7,23.1,37.0,27.2,-1
171,1.0,2.0,0.1,23.7,23.1,37.0,27.2,-2
172,2.0,2.0,0.1,23.7,23.1,0.72,13.9,-1
173,1.0,2.0,0.1,23.7,23.1,0.72,13.9,-1
174,1.0,2.0,0.1,23.7,23.1,0.72,13.9,2
175,1.0,2.0,0.1,23.7,23.1,0.72,13.9,0
177,2.0,1.0,0.1,23.7,23.1,0.72,13.9,-1
178,1.0,1.0,0.1,23.7,23.1,0.72,13.9,-1
181,3.0,1.0,0.1,23.7,23.1,0.72,13.9,-1
184,4.0,2.0,0.1,23.7,23.1,0.72,13.9,0
186,1.0,2.0,0.1,23.7,23.1,0.72,13.9,1
194,1.0,1.0,0.1,23.7,23.1,0.72,13.9,0
195,2.0,1.0,0.1,23.7,23.1,0.72,13.9,0
199,1.0,1.0,0.1,23.7,23.1,0.72,13.9,2
211,2.0,2.0,0.1,23.7,23.1,0.72,13.9,0
212,1.0,2.0,0.1,23.7,23.1,0.72,13.9,-2
216,1.0,1.0,0.1,23.7,23.1,0.72,13.9,1
231,2.0,2.0,0.1,17.4,23.1,60.0,12.8,-1
232,2.0,2.0,0.1,17.4,23.1,60.0,12.8,0
234,3.0,1.0,0.1,17.4,23.1,60.0,12.8,-1
235,2.0,1.0,0.1,17.4,23.1,60.0,12.8,-1
236,2.0,1.0,0.1,17.4,23.1,60.0,12.8,1
237,3.0,2.0,0.1,17.4,23.1,60.0,12.8,-1
239,6.0,2.0,0.1,17.4,23.1,60.0,12.8,0
241,2.0,1.0,0.1,17.4,23.1,60.0,12.8,0
242,4.0,2.0,0.1,17.4,23.1,60.0,12.8,-1
250,3.0,2.0,0.1,17.4,23.1,60.0,12.8,0
258,4.0,2.0,0.1,17.4,23.1,60.0,12.8,0
261,5.0,1.0,0.1,17.4,23.1,60.0,12.8,0
263,5.0,2.0,0.1,17.4,23.1,60.0,12.8,-1
264,3.0,1.0,0.1,17.4,23.1,60.0,12.8,0
267,4.0,1.0,0.1,17.4,23.1,60.0,12.8,-1
269,2.0,2.0,0.1,17.4,23.1,60.0,12.8,1
300,2.0,2.0,0.1,23.7,23.1,65.0,25.6,0
301,2.0,2.0,0.1,23.7,23.1,65.0,25.6,-1
302,1.0,2.0,0.1,23.7,23.1,65.0,25.6,0
303,1.0,1.0,0.1,23.7,23.1,65.0,25.6,0
305,2.0,1.0,0.1,23.7,23.1,65.0,25.6,0
307,2.0,1.0,0.1,23.7,23.1,65.0,25.6,-1
313,1.0,1.0,0.1,23.7,23.1,65.0,25.6,1
314,5.0,1.0,0.1,23.7,23.1,56.0,28.4,0
315,3.0,1.0,0.1,23.7,23.1,56.0,28.4,2
316,3.0,1.0,0.1,23.7,23.1,56.0,28.4,0
317,2.0,2.0,0.1,23.7,23.1,56.0,28.4,0
319,2.0,1.0,0.1,23.7,23.1,56.0,28.4,0
321,3.0,2.0,0.1,23.7,23.1,56.0,28.4,0
324,3.0,2.0,0.1,23.7,23.1,56.0,28.4,1
325,6.0,2.0,0.1,23.7,23.1,56.0,28.4,1
327,3.0,2.0,0.1,23.7,23.1,56.0,28.4,2
331,3.0,1.0,0.1,23.7,23.1,56.0,28.4,1
334,2.0,1.0,0.1,23.7,23.1,56.0,28.4,2
337,2.0,2.0,0.1,23.7,23.1,56.0,28.4,1
341,2.0,2.0,0.1,23.7,23.1,56.0,28.4,-1
343,4.0,2.0,0.1,23.7,23.1,56.0,28.4,-1
356,2.0,2.0,0.1,23.7,23.1,56.0,28.4,2
358,6.0,2.0,0.1,23.7,23.1,56.0,28.4,0
360,4.0,2.0,0.1,23.7,23.1,56.0,28.4,1
361,5.0,2.0,0.1,23.7,23.1,56.0,28.4,1
362,1.0,1.0,0.1,24.7,23.1,65.0,21.9,-2
363,1.0,1.0,0.1,24.7,23.1,65.0,21.9,-1
364,5.0,2.0,0.1,24.7,23.1,65.0,21.9,0
365,1.0,2.0,0.1,24.7,23.1,65.0,21.9,-1
366,3.0,1.0,0.1,24.7,23.1,65.0,21.9,-1
370,1.0,2.0,0.1,24.7,23.1,65.0,21.9,-2
371,1.0,1.0,0.1,24.7,23.1,65.0,21.9,0
374,2.0,1.0,0.1,24.7,23.1,65.0,21.9,0
375,2.0,2.0,0.1,24.7,23.1,65.0,21.9,-1
376,1.0,2.0,0.1,24.7,23.1,65.0,21.9,0
383,6.0,2.0,0.1,24.7,23.1,65.0,21.9,-1
385,2.0,1.0,0.1,24.7,23.1,65.0,21.9,-1
388,2.0,2.0,0.1,24.7,23.1,65.0,21.9,0
418,3.0,2.0,0.1,24.7,23.1,65.0,21.9,-1
422,2.0,2.0,0.1,24.7,23.1,65.0,21.9,1
431,2.0,1.0,0.1,18.53,23.1,38.0,13.65,0
432,1.0,1.0,0.1,18.53,23.1,38.0,13.65,0
433,1.0,2.0,0.1,18.53,23.1,38.0,13.65,0
438,2.0,2.0,0.1,18.53,23.1,38.0,13.65,0
442,2.0,1.0,0.1,18.53,23.1,38.0,13.65,1
446,6.0,1.0,0.1,18.53,23.1,38.0,13.65,0
449,1.0,1.0,0.1,18.53,23.1,38.0,13.65,1
454,3.0,1.0,0.1,18.53,23.1,38.0,13.65,0
460,4.0,1.0,0.1,18.53,23.1,38.0,13.65,-1
462,3.0,2.0,0.1,18.53,23.1,38.0,13.65,0
463,2.0,2.0,0.1,23.03,23.1,37.8,18.24,0
464,2.0,2.0,0.1,23.03,23.1,37.8,18.24,1
466,2.0,2.0,0.1,23.03,23.1,37.8,18.24,-1
467,1.0,1.0,0.1,23.03,23.1,37.8,18.24,0
468,3.0,2.0,0.1,23.03,23.1,37.8,18.24,0
470,1.0,2.0,0.1,23.03,23.1,37.8,18.24,0
475,2.0,1.0,0.1,23.03,23.1,37.8,18.24,0
482,1.0,2.0,0.1,23.03,23.1,37.8,18.24,-1
483,1.0,1.0,0.05,25.2,25.2,64.0,16.0,0
484,1.0,2.0,0.05,25.2,25.2,64.0,16.0,0
486,2.0,2.0,0.05,25.2,25.2,64.0,16.0,0
492,1.0,2.0,0.05,25.2,25.2,64.0,16.0,1
496,2.0,2.0,0.05,25.2,25.2,64.0,16.0,1
497,2.0,1.0,0.05,25.2,25.2,64.0,16.0,0
500,3.0,2.0,0.05,25.2,25.2,64.0,16.0,0
504,6.0,2.0,0.05,25.2,25.2,64.0,16.0,0
516,2.0,2.0,0.05,25.2,25.2,64.0,16.0,-1
523,2.0,1.0,0.05,25.2,25.2,64.0,16.0,-1
530,2.0,2.0,0.1,23.7,23.1,65.0,16.7,0
531,3.0,2.0,0.1,23.7,23.1,65.0,16.7,0
534,3.0,1.0,0.1,23.7,23.1,68.0,15.8,0
535,3.0,2.0,0.1,23.7,23.1,68.0,15.8,-1
536,2.0,1.0,0.1,23.7,23.1,68.0,15.8,-2
537,2.0,1.0,0.1,23.7,23.1,68.0,15.8,0
538,2.0,2.0,0.1,23.7,23.1,68.0,15.8,-1
539,2.0,1.0,0.1,23.7,23.1,68.0,15.8,-1
542,5.0,1.0,0.1,23.7,23.1,68.0,15.8,0
545,2.0,2.0,0.1,23.7,23.1,68.0,15.8,0
547,3.0,2.0,0.1,23.7,23.1,68.0,15.8,0
552,3.0,1.0,0.1,23.7,23.1,68.0,15.8,-1
556,4.0,1.0,0.1,23.7,23.1,68.0,15.8,0
557,2.0,2.0,0.1,23.7,23.1,63.0,13.3,1
558,2.0,1.0,0.1,23.7,23.1,63.0,13.3,-1
559,1.0,1.0,0.1,23.7,23.1,63.0,13.3,-1
560,2.0,2.0,0.1,23.7,23.1,63.0,13.3,-1
561,2.0,1.0,0.1,23.7,23.1,63.0,13.3,0
562,1.0,2.0,0.1,23.7,23.1,63.0,13.3,0
563,1.0,1.0,0.1,23.7,23.1,63.0,13.3,0
564,1.0,1.0,0.1,23.7,23.1,63.0,13.3,1
567,6.0,2.0,0.1,23.7,23.1,63.0,13.3,0
569,3.0,2.0,0.1,23.7,23.1,63.0,13.3,0
575,1.0,2.0,0.1,23.7,23.1,63.0,13.3,-2
578,2.0,2.0,0.1,23.7,23.1,63.0,13.3,0
583,1.0,2.0,0.1,23.7,23.1,63.0,13.3,-1
586,2.0,2.0,0.1,23.7,23.1,55.0,24.5,0
587,3.0,1.0,0.1,23.7,23.1,55.0,24.5,-1
589,3.0,2.0,0.1,23.7,23.1,55.0,24.5,0
590,1.0,1.0,0.1,23.7,23.1,55.0,24.5,0
592,1.0,2.0,0.1,23.7,23.1,55.0,24.5,-1
593,1.0,1.0,0.1,23.7,23.1,55.0,24.5,-1
596,1.0,1.0,0.1,23.7,23.1,92.0,19.7,-1
597,1.0,2.0,0.1,23.7,23.1,92.0,19.7,0
601,1.0,1.0,0.1,23.7,23.1,92.0,19.7,0
607,1.0,2.0,0.1,23.7,23.1,92.0,19.7,-1
612,2.0,2.0,0.1,23.7,23.1,61.5,21.1,0
613,1.0,2.0,0.1,23.7,23.1,61.5,21.1,0
615,2.0,1.0,0.1,23.7,23.1,61.5,21.1,0
618,1.0,1.0,0.1,23.7,23.1,61.5,21.1,0
621,3.0,1.0,0.1,23.7,23.1,61.5,21.1,0
622,4.0,2.0,0.1,23.7,23.1,61.5,21.1,0
629,1.0,2.0,0.1,23.7,23.1,61.5,21.1,1
633,6.0,2.0,0.1,23.7,23.1,55.0,22.4,0
634,2.0,2.0,0.1,23.7,23.1,55.0,22.4,-1
635,1.0,1.0,0.1,23.7,23.1,55.0,22.4,0
637,2.0,1.0,0.1,23.7,23.1,55.0,22.4,0
640,3.0,2.0,0.1,23.7,23.1,55.0,22.4,0
641,2.0,2.0,0.1,23.7,23.1,55.0,22.4,0
642,1.0,2.0,0.1,23.7,23.1,55.0,22.4,0
649,5.0,1.0,0.1,23.7,23.1,55.0,22.4,0
650,3.0,1.0,0.1,23.7,23.1,55.0,22.4,0
651,2.0,1.0,0.1,23.7,23.1,55.0,22.4,-1
652,2.0,2.0,0.1,23.7,23.1,77.0,27.7,0
653,1.0,1.0,0.1,23.7,23.1,77.0,27.7,0
654,2.0,1.0,0.1,23.7,23.1,77.0,27.7,0
655,2.0,2.0,0.1,23.7,23.1,77.0,27.7,1
657,4.0,2.0,0.1,23.7,23.1,77.0,27.7,0
658,1.0,2.0,0.1,23.7,23.1,77.0,27.7,0
660,4.0,2.0,0.1,23.7,23.1,77.0,27.7,1
668,1.0,2.0,0.1,23.7,23.1,77.0,27.7,2
670,1.0,2.0,0.1,23.7,23.1,77.0,27.7,1
673,3.0,1.0,0.1,23.7,23.1,77.0,27.7,0
677,2.0,2.0,0.1,23.7,23.1,71.0,29.5,0
680,2.0,2.0,0.1,23.7,23.1,71.0,29.5,-1
681,2.0,1.0,0.1,23.7,23.1,71.0,29.5,-1
682,2.0,1.0,0.1,23.7,23.1,71.0,29.5,0
683,3.0,2.0,0.1,23.7,23.1,71.0,29.5,0
686,1.0,1.0,0.1,23.7,23.1,97.0,25.0,-1
687,1.0,2.0,0.1,23.7,23.1,97.0,25.0,0
688,2.0,2.0,0.1,23.7,23.1,97.0,25.0,-1
692,3.0,2.0,0.1,23.7,23.1,97.0,25.0,-1
693,2.0,2.0,0.1,23.7,23.1,97.0,25.0,0
694,1.0,2.0,0.1,23.7,23.1,97.0,25.0,-1
695,2.0,1.0,0.1,23.7,23.1,97.0,25.0,0
713,1.0,2.0,0.1,23.7,23.1,76.0,27.0,0
715,2.0,1.0,0.1,23.7,23.1,76.0,27.0,-1
716,2.0,2.0,0.1,23.7,23.1,76.0,27.0,-1
717,2.0,1.0,0.1,23.7,23.1,76.0,27.0,0
718,1.0,2.0,0.1,23.7,23.1,76.0,27.0,-1
725,2.0,2.0,0.1,23.7,23.1,76.0,27.0,0
728,2.0,1.0,0.1,23.7,23.1,59.0,30.0,0
729,2.0,2.0,0.1,23.7,23.1,59.0,30.0,0
732,1.0,2.0,0.1,23.7,23.1,69.0,17.4,0
733,2.0,1.0,0.1,23.7,23.1,69.0,17.4,0
734,2.0,1.0,0.1,23.7,23.1,69.0,17.4,-1
735,1.0,2.0,0.1,23.7,23.1,69.0,17.4,-1
737,3.0,2.0,0.1,23.7,23.1,69.0,17.4,-1
738,3.0,2.0,0.1,23.7,23.1,69.0,17.4,0
739,3.0,1.0,0.1,23.7,23.1,69.0,17.4,0
740,6.0,2.0,0.1,23.7,23.1,69.0,17.4,0
741,2.0,2.0,0.1,23.7,23.1,69.0,17.4,0
742,2.0,2.0,0.1,23.7,23.1,69.0,17.4,-1
743,1.0,1.0,0.1,23.7,23.1,91.0,11.7,0
744,1.0,1.0,0.1,23.7,23.1,91.0,11.7,-1
745,1.0,2.0,0.1,23.7,23.1,91.0,11.7,-1
746,2.0,2.0,0.1,23.7,23.1,91.0,11.7,0
747,1.0,2.0,0.1,23.7,23.1,91.0,11.7,0
748,2.0,2.0,0.1,23.7,23.1,91.0,11.7,-1
749,3.0,1.0,0.1,23.7,23.1,91.0,11.7,0
752,2.0,1.0,0.1,23.7,23.1,91.0,11.7,1
753,2.0,2.0,0.1,23.7,23.1,82.0,12.0,2
754,2.0,2.0,0.1,23.7,23.1,82.0,12.0,-1
755,1.0,2.0,0.1,23.7,23.1,82.0,12.0,-1
757,2.0,1.0,0.1,23.7,23.1,82.0,12.0,-1
758,4.0,1.0,0.1,23.7,23.1,82.0,12.0,-1
761,1.0,1.0,0.1,23.7,23.1,82.0,12.0,0
762,1.0,1.0,0.1,23.7,23.1,82.0,12.0,-1
764,1.0,2.0,0.1,23.7,23.1,82.0,12.0,0
765,2.0,2.0,0.1,23.7,23.1,82.0,12.0,1
766,2.0,2.0,0.1,23.7,23.1,82.0,12.0,0
770,2.0,1.0,0.1,23.7,23.1,82.0,12.0,0
774,3.0,2.0,0.1,23.7,23.1,82.0,12.0,-1
778,1.0,2.0,0.1,23.7,23.1,82.0,12.0,1
781,2.0,2.0,0.1,23.7,23.1,67.0,12.0,-1
782,2.0,2.0,0.1,23.7,23.1,67.0,12.0,0
783,1.0,2.0,0.1,23.7,23.1,67.0,12.0,-1
785,1.0,2.0,0.1,23.7,23.1,67.0,12.0,0
786,2.0,1.0,0.1,23.7,23.1,67.0,12.0,-1
788,3.0,2.0,0.1,23.7,23.1,67.0,12.0,-1
792,2.0,2.0,0.1,23.7,23.1,67.0,12.0,-2
795,2.0,1.0,0.1,23.7,23.1,67.0,12.0,0
805,1.0,1.0,0.03,21.875,21.9,82.0,14.0,0
806,1.0,2.0,0.03,21.875,21.9,82.0,14.0,-1
807,2.0,2.0,0.03,21.875,21.9,82.0,14.0,0
808,2.0,1.0,0.03,21.875,21.9,82.0,14.0,0
809,2.0,1.0,0.03,21.875,21.9,82.0,14.0,-2
811,2.0,1.0,0.03,21.875,21.9,82.0,14.0,-1
813,1.0,2.0,0.03,21.875,21.9,82.0,14.0,0
814,2.0,2.0,0.03,21.875,21.9,82.0,14.0,-1
819,2.0,2.0,0.03,21.875,21.9,82.0,14.0,2
820,2.0,2.0,0.03,21.875,21.9,82.0,14.0,1
827,2.0,1.0,0.03,21.875,21.9,82.0,14.0,1
829,2.0,2.0,0.05,23.25,23.1,88.0,15.0,0
830,2.0,2.0,0.05,23.25,23.1,88.0,15.0,-1
832,3.0,2.0,0.05,23.25,23.1,88.0,15.0,0
833,2.0,1.0,0.05,23.25,23.1,88.0,15.0,-1
836,2.0,1.0,0.05,23.25,23.1,88.0,15.0,1
837,2.0,1.0,0.05,23.25,23.1,88.0,15.0,0
838,2.0,2.0,0.05,23.25,23.1,88.0,15.0,1
849,3.0,2.0,0.05,23.25,23.1,88.0,15.0,1
856,2.0,2.0,0.05,23.25,23.1,88.0,15.0,2
860,1.0,2.0,0.05,23.25,23.1,88.0,15.0,-1
872,1.0,2.0,0.1,23.7,23.1,20.0,12.0,0
873,1.0,1.0,0.1,23.7,23.1,20.0,12.0,0
874,1.0,2.0,0.1,23.7,23.1,20.0,12.0,-1
878,1.0,1.0,0.1,23.7,23.1,20.0,12.0,-1
881,2.0,1.0,0.1,23.7,23.1,20.0,12.0,2
882,2.0,2.0,0.1,23.7,23.1,20.0,12.0,0
893,1.0,2.0,0.1,23.7,23.1,7.0,25.0,0
895,1.0,1.0,0.1,23.7,23.1,7.0,25.0,0
896,1.0,1.0,0.1,23.7,23.1,7.0,25.0,1
900,2.0,1.0,0.1,23.7,23.1,7.0,25.0,0
903,2.0,2.0,0.1,23.7,23.1,7.0,25.0,0
904,1.0,2.0,0.1,23.7,23.1,7.0,25.0,2
906,1.0,2.0,0.1,23.7,23.1,7.0,25.0,-1
908,2.0,2.0,0.1,23.7,23.1,7.0,25.0,-1
911,1.0,1.0,0.1,23.7,23.1,40.0,30.0,0
912,1.0,2.0,0.1,23.7,23.1,40.0,30.0,0
913,2.0,2.0,0.1,23.7,23.1,40.0,30.0,0
915,2.0,1.0,0.1,23.7,23.1,40.0,30.0,-1
917,2.0,1.0,0.1,23.7,23.1,40.0,30.0,0
919,1.0,1.0,0.1,23.7,23.1,40.0,30.0,-1
922,1.0,2.0,0.1,23.7,23.1,40.0,30.0,-1
926,1.0,1.0,0.1,23.7,23.1,36.0,25.0,-1
927,1.0,1.0,0.1,23.7,23.1,36.0,25.0,0
930,1.0,2.0,0.1,23.7,23.1,36.0,25.0,0
936,2.0,1.0,0.1,23.7,23.1,36.0,25.0,0
937,1.0,2.0,0.1,23.7,23.1,36.0,25.0,2
941,2.0,1.0,0.1,23.7,23.1,36.0,25.0,-1
942,1.0,2.0,0.1,23.7,23.1,36.0,25.0,-1
943,2.0,2.0,0.1,23.7,23.1,36.0,25.0,-1
944,1.0,2.0,0.1,23.7,23.1,36.0,-9.0,-2
945,1.0,2.0,0.1,23.7,23.1,36.0,-9.0,0
951,1.0,1.0,0.1,23.7,23.1,36.0,-9.0,0
953,1.0,2.0,0.1,23.7,23.1,36.0,-9.0,1
955,1.0,2.0,0.1,23.7,23.1,36.0,-9.0,-1
958,2.0,2.0,0.1,23.7,23.1,36.0,-9.0,0
962,2.0,2.0,0.1,23.7,23.1,25.0,14.0,0
963,2.0,1.0,0.1,23.7,23.1,25.0,14.0,0
964,1.0,1.0,0.1,23.7,23.1,25.0,14.0,0
968,1.0,1.0,0.1,23.7,23.1,25.0,14.0,1
971,2.0,1.0,0.1,23.7,23.1,25.0,14.0,-1
975,3.0,2.0,0.1,23.7,23.1,25.0,14.0,0
978,1.0,2.0,0.1,23.7,23.1,25.0,14.0,0
981,3.0,1.0,0.1,23.7,23.1,25.0,14.0,-1
982,3.0,1.0,0.1,23.7,23.1,25.0,14.0,0
986,3.0,2.0,0.1,23.7,23.1,25.0,14.0,1
992,4.0,1.0,0.1,23.7,23.1,25.0,14.0,0
995,2.0,2.0,0.1,26.35,23.1,15.0,32.0,-1
996,3.0,1.0,0.1,26.35,23.1,15.0,32.0,0
998,2.0,1.0,0.1,26.35,23.1,15.0,32.0,0
999,4.0,1.0,0.1,26.35,23.1,15.0,32.0,0
1002,3.0,2.0,0.1,26.35,23.1,15.0,32.0,-1
1004,2.0,2.0,0.1,26.35,23.1,15.0,32.0,0
1010,3.0,2.0,0.1,26.35,23.1,15.0,32.0,0
1011,2.0,1.0,0.1,26.35,23.1,15.0,32.0,-1
1024,1.0,1.0,0.1,26.35,23.1,15.0,32.0,0
1025,1.0,2.0,0.1,26.35,23.1,15.0,32.0,-1
1032,4.0,2.0,0.1,26.35,23.1,15.0,32.0,-1
1034,1.0,2.0,0.1,26.35,23.1,15.0,32.0,0
1038,3.0,1.0,0.1,26.35,23.1,15.0,32.0,-1
1039,4.0,1.0,0.1,23.7,23.1,28.5,35.8,-1
1040,1.0,1.0,0.1,23.7,23.1,28.5,35.8,0
1041,1.0,1.0,0.1,23.7,23.1,28.5,35.8,2
1042,1.0,2.0,0.1,23.7,23.1,28.5,35.8,0
1045,1.0,2.0,0.1,23.7,23.1,28.5,35.8,2
1051,1.0,1.0,0.1,23.7,23.1,28.5,35.8,1
1052,2.0,1.0,0.1,23.7,23.1,28.5,35.8,0
1054,2.0,1.0,0.1,23.7,23.1,28.5,35.8,2
1064,2.0,2.0,0.1,23.7,23.1,23.3,40.8,-1
1065,4.0,1.0,0.1,23.7,23.1,23.3,40.8,-1
1066,3.0,1.0,0.1,23.7,23.1,23.3,40.8,-1
1068,3.0,1.0,0.1,23.7,23.1,23.3,40.8,0
1069,2.0,1.0,0.1,23.7,23.1,23.3,40.8,-1
1070,3.0,2.0,0.1,23.7,23.1,23.3,40.8,0
1072,1.0,1.0,0.1,23.7,23.1,48.3,32.8,2
1075,3.0,1.0,0.1,23.7,23.1,48.3,32.8,0
1077,1.0,1.0,0.1,23.7,23.1,48.3,32.8,1
1078,2.0,2.0,0.1,23.7,23.1,48.3,32.8,2
1081,1.0,2.0,0.1,23.7,23.1,48.3,32.8,2
1084,2.0,2.0,0.1,22.4,23.1,54.0,14.1,-1
1085,6.0,2.0,0.1,22.4,23.1,54.0,14.1,-1
1086,3.0,1.0,0.1,22.4,23.1,54.0,14.1,-1
1089,4.0,2.0,0.1,22.4,23.1,54.0,14.1,0
1091,3.0,2.0,0.1,22.4,23.1,54.0,14.1,-1
1094,3.0,1.0,0.1,22.4,23.1,54.0,14.1,0
1095,3.0,2.0,0.1,22.4,23.1,54.0,14.1,0
1101,5.0,2.0,0.1,22.4,23.1,54.0,14.1,-1
1104,6.0,2.0,0.1,22.4,23.1,54.0,14.1,0
1110,4.0,2.0,0.1,22.4,23.1,54.0,14.1,1
1113,2.0,1.0,0.1,22.4,23.1,54.0,14.1,-1
1114,4.0,1.0,0.1,22.4,23.1,54.0,14.1,1
1115,4.0,1.0,0.1,22.4,23.1,54.0,14.1,-1
1116,5.0,2.0,0.1,22.4,23.1,54.0,14.1,0
1119,5.0,1.0,0.1,22.4,23.1,54.0,14.1,-1
1120,5.0,1.0,0.1,22.4,23.1,54.0,14.1,0
1123,4.0,1.0,0.03,20.5,23.1,31.0,22.7,-1
1124,3.0,2.0,0.03,20.5,23.1,31.0,22.7,0
1125,2.0,1.0,0.03,20.5,23.1,31.0,22.7,-1
1126,2.0,1.0,0.03,20.5,23.1,31.0,22.7,0
1128,2.0,2.0,0.03,20.5,23.1,31.0,22.7,0
1130,2.0,2.0,0.03,20.5,23.1,31.0,22.7,-1
1131,2.0,2.0,0.1,21.9,23.1,75.0,14.1,0
1133,2.0,1.0,0.1,21.9,23.1,75.0,14.1,0
1134,2.0,1.0,0.1,21.9,23.1,75.0,14.1,-1
1136,2.0,2.0,0.1,21.9,23.1,75.0,14.1,-1
1145,2.0,1.0,0.1,21.9,23.1,75.0,14.1,-2
1146,1.0,2.0,0.1,21.9,23.1,75.0,14.1,-2
1152,2.0,2.0,0.1,21.9,23.1,75.0,14.1,-2
1159,3.0,2.0,0.1,21.9,23.1,75.0,14.1,-2
1172,1.0,1.0,0.1,22.0,23.1,60.0,14.5,0
1174,1.0,2.0,0.1,22.0,23.1,60.0,14.5,-1
1175,1.0,2.0,0.1,22.0,23.1,60.0,14.5,0
1180,1.0,1.0,0.1,22.0,23.1,60.0,14.5,-1
1191,2.0,1.0,0.1,22.0,23.1,60.0,14.5,-1
1203,1.0,1.0,0.1,22.8,23.1,36.0,20.4,0
1204,1.0,2.0,0.1,22.8,23.1,36.0,20.4,-1
1208,1.0,2.0,0.1,22.8,23.1,36.0,20.4,0
1216,1.0,2.0,0.1,22.8,23.1,36.0,20.4,1
1237,1.0,1.0,0.1,22.8,23.1,36.0,20.4,1
1244,1.0,2.0,0.1,23.7,23.1,39.0,30.43,1
1245,1.0,1.0,0.1,23.7,23.1,39.0,30.43,2
1246,2.0,2.0,0.1,23.7,23.1,39.0,30.43,0
1247,3.0,2.0,0.1,23.7,23.1,39.0,30.43,0
1248,1.0,1.0,0.1,23.7,23.1,39.0,30.43,0
1249,1.0,1.0,0.1,23.7,23.1,39.0,30.43,1
1250,1.0,1.0,0.1,23.7,23.1,39.0,30.43,-1
1251,2.0,2.0,0.1,23.7,23.1,39.0,30.43,1
1254,4.0,1.0,0.1,23.7,23.1,39.0,30.43,1
1266,2.0,1.0,0.1,23.7,23.1,39.0,30.43,1
1269,1.0,2.0,0.1,23.7,23.1,39.0,30.43,0
1284,3.0,1.0,0.1,23.7,23.1,88.14,19.46,-1
1285,2.0,1.0,0.1,23.7,23.1,88.14,19.46,0
1289,2.0,1.0,0.1,23.7,23.1,88.14,19.46,-1
1294,2.0,2.0,0.1,23.7,23.1,88.14,19.46,0
1295,2.0,2.0,0.1,23.7,23.1,99.73,3.88,0
1296,2.0,2.0,0.1,23.7,23.1,99.73,3.88,-2
1297,1.0,2.0,0.1,23.7,23.1,99.73,3.88,0
1298,1.0,1.0,0.1,23.7,23.1,99.73,3.88,-1
1300,2.0,1.0,0.1,23.7,23.1,99.73,3.88,-1
1303,2.0,1.0,0.1,23.7,23.1,99.73,3.88,0
1304,1.0,1.0,0.1,23.7,23.1,99.73,3.88,0
1307,2.0,1.0,0.1,23.7,23.1,99.73,3.88,1
1312,1.0,1.0,0.1,23.7,23.1,99.73,3.88,1
1319,1.0,2.0,0.1,23.7,23.1,99.73,3.88,1
1330,2.0,2.0,0.1,23.7,23.1,99.73,3.88,-1
1345,1.0,2.0,0.1,23.7,23.1,99.73,3.88,-1
1352,2.0,2.0,0.1,23.7,23.1,88.0,8.3,0
1353,1.0,1.0,0.1,23.7,23.1,88.0,8.3,-1
1354,1.0,2.0,0.1,23.7,23.1,88.0,8.3,0
1358,1.0,1.0,0.1,23.7,23.1,88.0,8.3,0
1361,3.0,1.0,0.1,23.7,23.1,88.0,8.3,0
1364,3.0,2.0,0.1,23.7,23.1,88.0,8.3,1
1366,3.0,2.0,0.1,23.7,23.1,88.0,8.3,0
1369,2.0,1.0,0.1,23.7,23.1,88.0,8.3,0
1373,4.0,2.0,0.1,23.7,23.1,88.0,8.3,0
1375,1.0,2.0,0.1,23.7,23.1,88.0,8.3,-1
1376,1.0,1.0,0.1,23.7,23.1,88.0,8.3,1
1378,2.0,1.0,0.1,23.7,23.1,88.0,8.3,-1
1383,4.0,1.0,0.1,23.7,23.1,88.0,8.3,0
1407,2.0,2.0,0.1,23.7,23.1,88.0,8.3,1
1413,2.0,2.0,0.1,23.7,23.1,88.0,8.3,-1
1418,1.0,2.0,0.1,23.7,23.1,88.0,8.3,1
1435,1.0,2.0,0.1,23.7,23.1,75.0,3.3,1
1436,4.0,1.0,0.1,23.7,23.1,75.0,3.3,0
1437,2.0,1.0,0.1,23.7,23.1,75.0,3.3,0
1440,2.0,2.0,0.1,23.7,23.1,75.0,3.3,0
1441,1.0,1.0,0.1,23.7,23.1,75.0,3.3,0
1447,3.0,1.0,0.1,23.7,23.1,75.0,3.3,0
1451,1.0,2.0,0.1,23.7,23.1,75.0,3.3,0
1454,2.0,2.0,0.1,23.7,23.1,91.0,1.1,0
1455,1.0,1.0,0.1,23.7,23.1,91.0,1.1,0
1456,3.0,1.0,0.1,23.7,23.1,91.0,1.1,-1
1457,2.0,2.0,0.1,23.7,23.1,91.0,1.1,-1
1459,1.0,1.0,0.1,23.7,23.1,91.0,1.1,-1
1460,2.0,2.0,0.1,23.7,23.1,91.0,1.1,1
1463,2.0,1.0,0.1,23.7,23.1,91.0,1.1,1
1464,1.0,2.0,0.1,23.7,23.1,91.0,1.1,0
1465,2.0,1.0,0.1,23.7,23.1,91.0,1.1,-1
1468,1.0,2.0,0.1,23.7,23.1,91.0,1.1,1
1470,3.0,1.0,0.1,23.7,23.1,91.0,1.1,0
1473,4.0,1.0,0.1,23.7,23.1,77.0,15.0,-1
1474,2.0,2.0,0.1,23.7,23.1,77.0,15.0,0
1477,2.0,2.0,0.1,23.7,23.1,77.0,15.0,-1
1479,5.0,2.0,0.1,23.7,23.1,77.0,15.0,0
1481,2.0,1.0,0.1,23.7,23.1,77.0,15.0,0
1486,5.0,2.0,0.1,23.7,23.1,77.0,15.0,1
1489,3.0,2.0,0.1,23.7,23.1,77.0,15.0,-1
1495,2.0,1.0,0.1,23.7,23.1,77.0,15.0,-1
1500,4.0,2.0,0.1,23.7,23.1,77.0,15.0,0
1506,3.0,2.0,0.1,23.7,23.1,77.0,15.0,0
1518,3.0,1.0,0.1,23.7,23.1,77.0,15.0,0
1519,2.0,1.0,0.1,23.7,23.1,77.0,15.0,1
1520,2.0,1.0,0.1,23.7,23.1,60.0,18.3,0
1521,1.0,2.0,0.1,23.7,23.1,60.0,18.3,0
1522,3.0,2.0,0.1,23.7,23.1,60.0,18.3,0
1523,3.0,1.0,0.1,23.7,23.1,60.0,18.3,-1
1524,1.0,1.0,0.1,23.7,23.1,60.0,18.3,1
1526,1.0,1.0,0.1,23.7,23.1,60.0,18.3,0
1532,2.0,2.0,0.1,23.7,23.1,60.0,18.3,0
1542,2.0,2.0,0.1,23.7,23.1,60.0,18.3,1
1548,3.0,2.0,0.1,23.7,23.1,60.0,18.3,1
1549,2.0,2.0,0.1,23.7,23.1,60.0,18.3,-1
1551,2.0,1.0,0.1,23.7,23.1,60.0,18.3,-1
1553,1.0,1.0,0.1,23.7,23.1,60.0,18.3,-1
1556,3.0,2.0,0.1,23.7,23.1,53.0,21.7,0
1557,2.0,1.0,0.1,23.7,23.1,53.0,21.7,0
1558,3.0,1.0,0.1,23.7,23.1,53.0,21.7,0
1559,2.0,1.0,0.1,23.7,23.1,53.0,21.7,-1
1560,1.0,1.0,0.1,23.7,23.1,53.0,21.7,0
1561,1.0,1.0,0.1,23.7,23.1,53.0,21.7,-1
1565,1.0,2.0,0.1,23.7,23.1,53.0,21.7,1
1566,2.0,2.0,0.1,23.7,23.1,53.0,21.7,0
1568,2.0,2.0,0.1,23.7,23.1,53.0,21.7,2
1569,1.0,2.0,0.1,23.7,23.1,53.0,21.7,0
1571,2.0,2.0,0.1,23.7,23.1,53.0,21.7,1
1575,1.0,2.0,0.1,23.0,23.1,44.0,12.0,0
1577,2.0,2.0,0.1,23.0,23.1,44.0,12.0,0
1578,1.0,2.0,0.1,23.0,23.1,44.0,12.0,1
1582,1.0,1.0,0.1,23.0,23.1,44.0,12.0,0
1585,2.0,2.0,0.1,23.0,23.1,44.0,12.0,1
1586,1.0,1.0,0.1,23.0,23.1,44.0,12.0,1
1587,1.0,1.0,0.1,23.0,23.1,44.0,12.0,-1
1589,2.0,1.0,0.1,23.0,23.1,44.0,12.0,0
1592,1.0,2.0,0.1,23.0,23.1,44.0,12.0,-1
1595,2.0,1.0,0.1,23.0,23.1,44.0,12.0,-1
1607,4.0,1.0,0.1,23.0,23.1,44.0,12.0,0
1613,3.0,2.0,0.1,23.0,23.1,44.0,12.0,0
1626,3.0,1.0,0.1,23.0,23.1,44.0,12.0,1
1647,2.0,2.0,0.1,23.0,23.1,44.0,12.0,-1
1687,3.0,1.0,0.1,23.0,23.1,44.0,12.0,0
1706,1.0,2.0,0.1,24.1,23.1,53.0,27.8,-1
1709,2.0,2.0,0.1,24.1,23.1,53.0,27.8,-1
1713,1.0,1.0,0.1,24.1,23.1,53.0,27.8,0
1714,1.0,1.0,0.1,24.1,23.1,53.0,27.8,-1
1717,1.0,2.0,0.1,24.1,23.1,53.0,27.8,0
1721,2.0,1.0,0.1,24.1,23.1,53.0,27.8,-1
1726,3.0,2.0,0.1,24.1,23.1,53.0,27.8,-1
1747,2.0,2.0,0.1,24.1,23.1,53.0,27.8,0
1758,4.0,2.0,0.1,24.1,23.1,53.0,27.8,-1
1776,1.0,1.0,0.1,24.1,23.1,53.0,27.8,-2
1780,1.0,1.0,0.1,24.1,23.1,53.0,27.8,1
1782,1.0,2.0,0.1,22.0,23.1,91.0,13.1,-1
1783,1.0,2.0,0.1,22.0,23.1,91.0,13.1,1
1784,1.0,2.0,0.1,22.0,23.1,91.0,13.1,0
1785,1.0,1.0,0.1,22.0,23.1,91.0,13.1,-1
1786,2.0,1.0,0.1,22.0,23.1,91.0,13.1,-1
1787,2.0,2.0,0.1,22.0,23.1,91.0,13.1,0
1796,2.0,1.0,0.1,22.0,23.1,91.0,13.1,0
1797,2.0,2.0,0.1,22.0,23.1,91.0,13.1,-1
1807,1.0,1.0,0.1,22.0,23.1,91.0,13.1,0
1871,1.0,2.0,0.1,22.0,23.1,91.0,13.1,2
1909,1.0,1.0,0.1,21.75,23.1,91.0,8.2,0
1911,3.0,2.0,0.1,21.75,23.1,91.0,8.2,0
1913,1.0,2.0,0.1,21.75,23.1,91.0,8.2,0
1916,1.0,2.0,0.1,21.75,23.1,91.0,8.2,-1
1920,1.0,1.0,0.1,21.75,23.1,91.0,8.2,-1
1928,2.0,1.0,0.1,21.75,23.1,91.0,8.2,-1
1931,1.0,2.0,0.1,21.75,23.1,91.0,8.2,1
1951,2.0,2.0,0.1,21.75,23.1,91.0,8.2,0
1952,3.0,1.0,0.1,21.75,23.1,91.0,8.2,-1
1958,2.0,1.0,0.1,21.75,23.1,91.0,8.2,0
1961,3.0,1.0,0.1,23.7,23.1,97.0,8.9,0
1962,4.0,1.0,0.1,23.7,23.1,97.0,8.9,0
1963,2.0,1.0,0.1,23.7,23.1,97.0,8.9,-1
1964,2.0,1.0,0.1,23.7,23.1,97.0,8.9,0
1971,3.0,1.0,0.1,23.7,23.1,97.0,8.9,-1
1974,3.0,2.0,0.1,23.7,23.1,97.0,8.9,1
1976,2.0,2.0,0.1,23.7,23.1,97.0,8.9,-1
1981,5.0,2.0,0.1,23.7,23.1,97.0,8.9,0
1983,5.0,2.0,0.1,23.7,23.1,97.0,8.9,-1
1985,4.0,2.0,0.1,23.7,23.1,97.0,8.9,-1
1986,2.0,2.0,0.1,23.7,23.1,87.0,10.0,-1
1987,2.0,1.0,0.1,23.7,23.1,87.0,10.0,-1
1988,1.0,2.0,0.1,23.7,23.1,87.0,10.0,0
1990,2.0,1.0,0.1,23.7,23.1,87.0,10.0,1
1991,1.0,1.0,0.1,23.7,23.1,87.0,10.0,-1
1992,1.0,1.0,0.1,23.7,23.1,87.0,10.0,0
1993,1.0,1.0,0.1,23.7,23.1,87.0,10.0,1
1994,2.0,1.0,0.1,23.7,23.1,87.0,10.0,0
1998,6.0,1.0,0.1,23.7,23.1,87.0,10.0,0
1999,2.0,1.0,0.1,23.7,23.1,87.0,10.0,-2
2003,2.0,2.0,0.1,23.7,23.1,87.0,10.0,0
2007,4.0,1.0,0.1,23.7,23.1,87.0,10.0,0
2018,3.0,2.0,0.1,23.7,23.1,87.0,10.0,0
2024,1.0,2.0,0.1,23.7,23.1,87.0,10.0,1
2049,6.0,2.0,0.1,23.7,23.1,87.0,10.0,0
2054,2.0,1.0,0.1,23.7,23.1,51.0,20.4,0
2056,2.0,1.0,0.1,23.7,23.1,51.0,20.4,1
2057,1.0,1.0,0.1,23.7,23.1,51.0,20.4,0
2060,1.0,2.0,0.1,23.7,23.1,51.0,20.4,0
2063,3.0,2.0,0.1,23.7,23.1,51.0,20.4,-1
2069,2.0,1.0,0.1,23.7,23.1,51.0,20.4,-1
2078,3.0,1.0,0.1,23.7,23.1,51.0,20.4,0
2081,2.0,2.0,0.1,23.7,23.1,51.0,20.4,0
2093,1.0,1.0,0.1,23.7,23.1,51.0,20.4,-1
2100,3.0,2.0,0.1,23.7,23.1,51.0,20.4,0
2101,3.0,1.0,0.1,23.7,23.1,51.0,20.4,-1
2102,4.0,1.0,0.1,23.7,23.1,51.0,20.4,0
2103,2.0,2.0,0.1,23.7,23.1,51.0,20.4,-1
2104,1.0,2.0,0.1,23.4,23.1,71.3,14.27,0
2105,1.0,1.0,0.1,23.4,23.1,71.3,14.27,-1
2106,2.0,2.0,0.1,23.4,23.1,71.3,14.27,0
2108,2.0,1.0,0.1,23.4,23.1,71.3,14.27,-1
2109,1.0,1.0,0.1,23.4,23.1,71.3,14.27,0
2112,4.0,1.0,0.1,23.4,23.1,71.3,14.27,0
2118,2.0,1.0,0.1,23.4,23.1,71.3,14.27,-2
2119,1.0,1.0,0.1,23.4,23.1,71.3,14.27,-2
2135,1.0,2.0,0.1,23.4,23.1,71.3,14.27,-1
2137,2.0,2.0,0.1,23.4,23.1,71.3,14.27,-1
2140,2.0,1.0,0.1,23.4,23.1,71.3,14.27,0
2160,2.0,1.0,0.1,22.6,23.1,79.0,3.3,-1
2161,2.0,2.0,0.1,22.6,23.1,79.0,3.3,0
2164,2.0,2.0,0.1,22.6,23.1,79.0,3.3,-1
2169,3.0,1.0,0.1,22.6,23.1,79.0,3.3,-1
2170,3.0,2.0,0.1,22.6,23.1,79.0,3.3,0
2172,2.0,2.0,0.1,23.7,23.1,67.8,-1.12,0
2173,1.0,2.0,0.1,23.7,23.1,67.8,-1.12,-1
2174,3.0,2.0,0.1,23.7,23.1,67.8,-1.12,-1
2177,1.0,1.0,0.1,23.7,23.1,67.8,-1.12,0
2178,1.0,1.0,0.1,23.7,23.1,67.8,-1.12,-1
2179,2.0,2.0,0.1,23.7,23.1,67.8,-1.12,-1
2181,2.0,1.0,0.1,23.7,23.1,67.8,-1.12,-1
2182,2.0,1.0,0.1,23.7,23.1,67.8,-1.12,0
2183,3.0,2.0,0.1,23.7,23.1,67.8,-1.12,0
2188,1.0,2.0,0.1,23.7,23.1,67.8,-1.12,0
2190,1.0,2.0,0.1,23.7,23.1,67.8,-1.12,1
2192,2.0,2.0,0.1,23.7,23.1,67.8,-1.12,1
2198,4.0,1.0,0.1,23.7,23.1,67.8,-1.12,0
2218,3.0,1.0,0.1,23.7,23.1,67.8,-1.12,-1
2221,1.0,2.0,0.1,23.7,23.1,53.8949999999999,16.935,-1
2224,1.0,2.0,0.1,23.7,23.1,53.8949999999999,16.935,0
2225,2.0,2.0,0.1,23.7,23.1,53.8949999999999,16.935,-1
2228,2.0,1.0,0.1,23.7,23.1,53.8949999999999,16.935,0
2233,1.0,2.0,0.1,22.0,23.1,52.245,17.045,1
2234,1.0,2.0,0.1,22.0,23.1,52.245,17.045,-1
2235,1.0,2.0,0.1,22.0,23.1,52.245,17.045,0
2236,2.0,2.0,0.1,22.0,23.1,52.245,17.045,-1
2237,1.0,2.0,0.1,22.0,23.1,52.245,17.045,-2
2238,1.0,1.0,0.1,22.0,23.1,52.245,17.045,-1
2239,2.0,2.0,0.1,22.0,23.1,52.245,17.045,0
2255,1.0,1.0,0.1,19.0,23.1,41.7,17.5366666666666,-1
2256,2.0,2.0,0.1,19.0,23.1,41.7,17.5366666666666,0
2257,1.0,2.0,0.1,19.0,23.1,41.7,17.5366666666666,-1
2258,1.0,1.0,0.1,19.0,23.1,41.7,17.5366666666666,0
2260,1.0,2.0,0.1,19.0,23.1,41.7,17.5366666666666,0
2261,2.0,2.0,0.1,19.0,23.1,41.7,17.5366666666666,-1
2264,2.0,1.0,0.1,19.0,23.1,41.7,17.5366666666666,-1
2278,2.0,1.0,0.1,19.0,23.1,41.7,17.5366666666666,0
2280,2.0,2.0,0.2,23.05,23.1,64.16,15.035,0
2281,2.0,2.0,0.2,23.05,23.1,64.16,15.035,-1
2285,3.0,2.0,0.2,23.05,23.1,64.16,15.035,0
2288,3.0,1.0,0.2,23.05,23.1,64.16,15.035,0
2289,2.0,1.0,0.2,23.05,23.1,64.16,15.035,0
2293,2.0,1.0,0.2,23.05,23.1,64.16,15.035,1
2296,2.0,2.0,0.2,23.05,23.1,64.16,15.035,1
2298,2.0,1.0,0.2,23.05,23.1,64.16,15.035,-1
2299,3.0,2.0,0.4,20.65,23.1,37.7549999999999,19.94,0
2300,2.0,2.0,0.4,20.65,23.1,37.7549999999999,19.94,0
2301,2.0,2.0,0.4,20.65,23.1,37.7549999999999,19.94,-1
2309,3.0,1.0,0.4,20.65,23.1,37.7549999999999,19.94,0
2315,2.0,1.0,0.4,20.65,23.1,37.7549999999999,19.94,0
2319,2.0,2.0,0.2,21.75,23.1,37.256666666666604,20.25,0
2320,1.0,2.0,0.2,21.75,23.1,37.256666666666604,20.25,-1
2323,1.0,2.0,0.2,21.75,23.1,37.256666666666604,20.25,0
2325,3.0,2.0,0.2,21.75,23.1,37.256666666666604,20.25,-1
2330,1.0,1.0,0.2,21.75,23.1,37.256666666666604,20.25,0
2331,1.0,2.0,0.2,21.75,23.1,37.256666666666604,20.25,-2
2341,2.0,2.0,0.3,21.25,23.1,36.565,20.25,0
2342,2.0,1.0,0.3,21.25,23.1,36.565,20.25,0
2343,1.0,2.0,0.3,21.25,23.1,36.565,20.25,0
2348,3.0,2.0,0.3,21.25,23.1,36.565,20.25,-1
2353,2.0,2.0,0.3,21.25,23.1,36.565,20.25,-1
2355,3.0,2.0,0.3,21.25,23.1,36.565,20.25,0
2362,2.0,2.0,0.3,21.25,23.1,36.565,20.25,1
2368,3.0,1.0,0.2,23.25,23.1,46.9,20.18,1
2369,2.0,2.0,0.2,23.25,23.1,46.9,20.18,0
2372,3.0,2.0,0.2,23.25,23.1,46.9,20.18,0
2374,2.0,2.0,0.2,23.25,23.1,46.9,20.18,-1
2376,2.0,2.0,0.1,21.65,23.1,82.1428571428571,26.9714285714285,-1
2377,2.0,2.0,0.1,21.65,23.1,82.1428571428571,26.9714285714285,0
2383,2.0,1.0,0.1,21.65,23.1,82.1428571428571,26.9714285714285,-1
2384,2.0,2.0,0.1,21.65,23.1,82.1428571428571,26.9714285714285,-2
2390,1.0,2.0,0.2,24.35,23.1,79.5714285714285,27.7,-1
2391,2.0,1.0,0.2,24.35,23.1,79.5714285714285,27.7,-1
2392,1.0,1.0,0.2,24.35,23.1,79.5714285714285,27.7,0
2393,2.0,2.0,0.2,24.35,23.1,79.5714285714285,27.7,-1
2398,2.0,2.0,0.2,24.35,23.1,79.5714285714285,27.7,0
2405,1.0,2.0,0.2,24.35,23.1,79.5714285714285,27.7,0
2410,1.0,1.0,0.2,24.35,23.1,79.5714285714285,27.7,-1
2415,2.0,1.0,0.2,24.35,23.1,79.5714285714285,27.7,0
2423,3.0,2.0,0.2,24.35,23.1,79.5714285714285,27.7,-1
2429,2.0,2.0,0.1,26.2,23.1,79.5714285714285,27.7,-1
2430,2.0,2.0,0.1,26.2,23.1,79.5714285714285,27.7,1
2431,2.0,2.0,0.1,26.2,23.1,79.5714285714285,27.7,0
2440,2.0,1.0,0.1,26.2,23.1,79.5714285714285,27.7,0
2447,1.0,2.0,0.1,26.2,23.1,79.5714285714285,27.7,-1
2451,1.0,2.0,0.1,21.55,23.1,74.71428571428571,28.957142857142802,-1
2452,2.0,1.0,0.1,21.55,23.1,74.71428571428571,28.957142857142802,-2
2453,1.0,1.0,0.1,21.55,23.1,74.71428571428571,28.957142857142802,-1
2455,2.0,1.0,0.1,21.55,23.1,74.71428571428571,28.957142857142802,-1
2456,2.0,2.0,0.1,21.55,23.1,74.71428571428571,28.957142857142802,-2
2458,2.0,2.0,0.1,21.55,23.1,74.71428571428571,28.957142857142802,-1
2465,3.0,2.0,0.1,21.55,23.1,74.71428571428571,28.957142857142802,-1
2467,1.0,2.0,0.1,21.55,23.1,74.71428571428571,28.957142857142802,-2
2483,2.0,2.0,0.2,23.95,23.1,67.30769230769229,30.3615384615384,-1
2485,2.0,2.0,0.2,23.95,23.1,67.30769230769229,30.3615384615384,0
2494,3.0,2.0,0.2,23.95,23.1,67.30769230769229,30.3615384615384,-1
2495,2.0,1.0,0.2,23.95,23.1,67.30769230769229,30.3615384615384,-1
2496,1.0,2.0,0.2,23.95,23.1,67.30769230769229,30.3615384615384,-1
2500,2.0,1.0,0.2,23.95,23.1,67.30769230769229,30.3615384615384,0
2508,1.0,1.0,0.3,21.35,23.1,64.8571428571428,30.7285714285714,-1
2509,2.0,1.0,0.3,21.35,23.1,64.8571428571428,30.7285714285714,-1
2510,2.0,2.0,0.3,21.35,23.1,64.8571428571428,30.7285714285714,-1
2511,3.0,2.0,0.3,21.35,23.1,64.8571428571428,30.7285714285714,-1
2512,2.0,1.0,0.3,21.35,23.1,64.8571428571428,30.7285714285714,-2
2516,3.0,1.0,0.3,21.35,23.1,64.8571428571428,30.7285714285714,-2
2517,1.0,1.0,0.3,21.35,23.1,64.8571428571428,30.7285714285714,-2
2519,1.0,2.0,0.3,21.35,23.1,64.8571428571428,30.7285714285714,-1
2539,2.0,2.0,0.2,24.25,23.1,58.076923076922995,31.0,0
2540,2.0,2.0,0.2,24.25,23.1,58.076923076922995,31.0,-1
2541,3.0,2.0,0.2,24.25,23.1,58.076923076922995,31.0,0
2549,1.0,2.0,0.2,24.25,23.1,58.076923076922995,31.0,0
2560,3.0,2.0,0.3,27.35,23.1,58.0,30.685714285714198,-1
2561,3.0,2.0,0.3,27.35,23.1,58.0,30.685714285714198,0
2562,2.0,2.0,0.3,27.35,23.1,58.0,30.685714285714198,-1
2563,2.0,2.0,0.3,27.35,23.1,58.0,30.685714285714198,1
2564,2.0,1.0,0.3,27.35,23.1,58.0,30.685714285714198,-1
2566,1.0,2.0,0.3,27.35,23.1,58.0,30.685714285714198,0
2567,2.0,2.0,0.3,27.35,23.1,58.0,30.685714285714198,0
2574,1.0,1.0,0.3,27.35,23.1,58.0,30.685714285714198,0
2577,1.0,1.0,0.2,22.35,23.1,83.07865,24.0790277777777,-1
2578,1.0,2.0,0.2,22.35,23.1,83.07865,24.0790277777777,-2
2580,2.0,1.0,0.2,22.35,23.1,83.07865,24.0790277777777,-1
2584,2.0,2.0,0.2,22.35,23.1,83.07865,24.0790277777777,-1
2585,1.0,2.0,0.2,22.35,23.1,83.07865,24.0790277777777,-1
2586,2.0,2.0,0.2,22.35,23.1,83.07865,24.0790277777777,-2
2593,1.0,1.0,0.2,22.35,23.1,83.07865,24.0790277777777,0
2594,2.0,2.0,0.2,22.35,23.1,83.07865,24.0790277777777,0
2595,1.0,2.0,0.1,23.65,23.1,89.8635583333333,22.620216666666604,-1
2596,1.0,1.0,0.1,23.65,23.1,89.8635583333333,22.620216666666604,-1
2597,2.0,1.0,0.1,23.65,23.1,89.8635583333333,22.620216666666604,-1
2608,2.0,2.0,0.1,23.65,23.1,89.8635583333333,22.620216666666604,-2
2614,1.0,2.0,0.1,24.75,23.1,91.369325,22.1769833333333,0
2615,1.0,1.0,0.1,24.75,23.1,91.369325,22.1769833333333,0
2618,1.0,2.0,0.1,24.75,23.1,91.369325,22.1769833333333,-1
2623,1.0,1.0,0.1,24.75,23.1,91.369325,22.1769833333333,-1
2632,2.0,2.0,0.1,24.75,23.1,91.369325,22.1769833333333,0
2633,2.0,2.0,0.1,24.75,23.1,91.369325,22.1769833333333,-1
2636,1.0,2.0,0.3,27.55,23.1,82.9081083333333,24.528591666666603,0
2637,1.0,1.0,0.3,27.55,23.1,82.9081083333333,24.528591666666603,0
2641,2.0,2.0,0.3,27.55,23.1,82.9081083333333,24.528591666666603,0
2642,2.0,1.0,0.3,27.55,23.1,82.9081083333333,24.528591666666603,0
2643,2.0,1.0,0.3,27.55,23.1,82.9081083333333,24.528591666666603,1
2644,3.0,1.0,0.3,27.55,23.1,82.9081083333333,24.528591666666603,1
2646,1.0,1.0,0.3,27.55,23.1,82.9081083333333,24.528591666666603,1
2649,1.0,2.0,0.3,27.55,23.1,82.9081083333333,24.528591666666603,-1
2650,1.0,2.0,0.2,23.65,23.1,96.205,22.480925,-1
2651,3.0,1.0,0.2,23.65,23.1,96.205,22.480925,-2
2653,2.0,1.0,0.2,23.65,23.1,96.205,22.480925,-1
2654,1.0,1.0,0.2,23.65,23.1,96.205,22.480925,-1
2656,2.0,2.0,0.2,23.65,23.1,96.205,22.480925,-1
2660,2.0,2.0,0.2,23.65,23.1,96.205,22.480925,0
2662,2.0,1.0,0.2,19.75,23.1,50.16,16.7,-1
2663,2.0,1.0,0.2,19.75,23.1,50.16,16.7,0
2664,2.0,2.0,0.2,19.75,23.1,50.16,16.7,-1
2667,2.0,2.0,0.2,19.75,23.1,50.16,16.7,0
2671,3.0,2.0,0.2,19.75,23.1,50.16,16.7,-1
2684,2.0,2.0,0.2,19.75,23.1,50.16,16.7,-2
2695,3.0,2.0,0.2,19.75,23.1,50.16,16.7,0
2708,2.0,1.0,0.1,23.7,23.1,68.29,14.51,-1
2709,2.0,1.0,0.1,23.7,23.1,68.29,14.51,0
2712,2.0,2.0,0.1,23.7,23.1,68.29,14.51,-1
2713,2.0,2.0,0.1,23.7,23.1,68.29,14.51,0
2720,3.0,2.0,0.1,23.7,23.1,68.29,14.51,-1
2724,3.0,1.0,0.1,23.7,23.1,68.29,14.51,-1
2739,3.0,2.0,0.1,23.7,23.1,68.29,14.51,0
2743,1.0,1.0,0.1,23.6,23.1,86.0,18.6,0
2744,1.0,1.0,0.1,23.6,23.1,86.0,18.6,-1
2745,2.0,1.0,0.1,23.6,23.1,86.0,18.6,0
2747,2.0,2.0,0.1,23.6,23.1,86.0,18.6,-1
2748,2.0,2.0,0.1,23.6,23.1,86.0,18.6,0
2749,1.0,2.0,0.1,23.6,23.1,86.0,18.6,-1
2751,3.0,1.0,0.1,23.6,23.1,86.0,18.6,0
2752,3.0,2.0,0.1,23.6,23.1,86.0,18.6,-1
2753,2.0,1.0,0.1,23.6,23.1,86.0,18.6,-1
2768,2.0,1.0,0.1,24.9,23.1,74.0,20.5,0
2770,2.0,2.0,0.1,24.9,23.1,74.0,20.5,0
2773,4.0,2.0,0.1,24.9,23.1,74.0,20.5,0
2778,2.0,1.0,0.1,24.9,23.1,74.0,20.5,-1
2779,1.0,2.0,0.1,26.5,23.1,72.0,21.8,0
2781,1.0,2.0,0.1,26.5,23.1,72.0,21.8,-1
2782,2.0,2.0,0.1,26.5,23.1,72.0,21.8,0
2784,1.0,1.0,0.1,26.5,23.1,72.0,21.8,0
2785,1.0,2.0,0.1,26.5,23.1,72.0,21.8,1
2787,2.0,1.0,0.1,26.5,23.1,72.0,21.8,0
2793,2.0,2.0,0.0,24.2,23.1,64.0,20.5,0
2794,1.0,1.0,0.0,24.2,23.1,64.0,20.5,0
2795,1.0,2.0,0.0,24.2,23.1,64.0,20.5,0
2798,1.0,2.0,0.0,24.2,23.1,64.0,20.5,-1
2804,3.0,1.0,0.0,24.2,23.1,64.0,20.5,0
2805,1.0,1.0,0.0,24.2,23.1,64.0,20.5,1
2807,1.0,2.0,0.0,24.2,23.1,64.0,20.5,1
2808,1.0,1.0,0.0,24.2,23.1,64.0,20.5,-1
2830,2.0,1.0,0.0,24.2,23.1,64.0,20.5,1
2833,2.0,1.0,0.0,24.2,23.1,64.0,20.5,0
2837,2.0,2.0,0.0,24.2,23.1,64.0,20.5,-1
2839,3.0,2.0,0.0,24.2,23.1,64.0,20.5,0
2845,2.0,2.0,0.0,24.2,23.1,64.0,20.5,1
2854,6.0,1.0,0.0,24.2,23.1,64.0,20.5,0
2855,1.0,2.0,0.0,24.7,23.1,54.7,22.2,1
2856,2.0,2.0,0.0,24.7,23.1,54.7,22.2,0
2857,2.0,1.0,0.0,24.7,23.1,54.7,22.2,0
2858,1.0,2.0,0.0,24.7,23.1,54.7,22.2,0
2860,1.0,1.0,0.0,24.7,23.1,54.7,22.2,0
2861,1.0,1.0,0.0,24.7,23.1,54.7,22.2,1
2866,2.0,2.0,0.0,24.7,23.1,54.7,22.2,-1
2878,3.0,1.0,0.0,24.7,23.1,54.7,22.2,0
2880,3.0,2.0,0.0,24.7,23.1,54.7,22.2,0
2881,1.0,2.0,0.0,23.2,23.1,61.8,20.8,-1
2882,2.0,2.0,0.0,23.2,23.1,61.8,20.8,0
2884,1.0,2.0,0.0,23.2,23.1,61.8,20.8,0
2885,1.0,1.0,0.0,23.2,23.1,61.8,20.8,0
2889,6.0,2.0,0.0,23.2,23.1,61.8,20.8,0
2891,2.0,1.0,0.1,24.2,23.1,57.9,19.2,0
2892,2.0,2.0,0.1,24.2,23.1,57.9,19.2,0
2893,1.0,2.0,0.1,24.2,23.1,57.9,19.2,0
2895,1.0,1.0,0.1,24.2,23.1,57.9,19.2,0
2912,2.0,1.0,0.1,24.2,23.1,57.9,19.2,1
2914,1.0,1.0,0.1,25.2,23.1,57.9,19.2,0
2915,2.0,1.0,0.1,25.2,23.1,57.9,19.2,0
2918,1.0,2.0,0.1,25.2,23.1,57.9,19.2,0
2920,4.0,1.0,0.1,25.2,23.1,57.9,19.2,0
2923,1.0,2.0,0.1,25.2,23.1,57.9,19.2,-1
2924,2.0,2.0,0.1,25.2,23.1,57.9,19.2,0
2937,1.0,2.0,0.1,26.95,23.1,57.9,19.2,0
2938,1.0,1.0,0.1,26.95,23.1,57.9,19.2,0
2941,2.0,2.0,0.1,26.95,23.1,57.9,19.2,0
2945,4.0,2.0,0.1,26.95,23.1,57.9,19.2,1
2949,4.0,2.0,0.1,26.95,23.1,57.9,19.2,-1
2952,4.0,2.0,0.1,26.95,23.1,57.9,19.2,0
2960,1.0,1.0,0.1,22.9,23.1,81.0,7.1,0
2962,5.0,2.0,0.1,22.9,23.1,81.0,7.1,-1
2963,1.0,2.0,0.1,22.9,23.1,81.0,7.1,0
2965,5.0,2.0,0.1,22.9,23.1,81.0,7.1,0
2967,1.0,2.0,0.1,22.9,23.1,81.0,7.1,-1
2968,2.0,2.0,0.1,22.9,23.1,81.0,7.1,1
2969,2.0,1.0,0.1,22.9,23.1,81.0,7.1,0
2975,2.0,2.0,0.1,22.9,23.1,81.0,7.1,0
2977,1.0,2.0,0.1,22.37,23.1,81.0,7.1,-1
2978,1.0,2.0,0.1,22.37,23.1,81.0,7.1,0
2979,2.0,1.0,0.1,22.37,23.1,81.0,7.1,0
2980,1.0,1.0,0.1,22.37,23.1,81.0,7.1,0
2981,2.0,1.0,0.1,22.37,23.1,81.0,7.1,-1
2982,2.0,2.0,0.1,22.37,23.1,81.0,7.1,-1
2984,1.0,1.0,0.1,22.37,23.1,81.0,7.1,-1
2992,5.0,2.0,0.1,22.37,23.1,81.0,7.1,0
2996,6.0,2.0,0.1,20.3,23.1,81.0,7.1,-1
2997,1.0,1.0,0.1,20.3,23.1,81.0,7.1,-1
2998,2.0,1.0,0.1,20.3,23.1,81.0,7.1,-1
2999,1.0,2.0,0.1,20.3,23.1,81.0,7.1,-1
3000,2.0,2.0,0.1,20.3,23.1,81.0,7.1,-1
3003,1.0,2.0,0.1,20.3,23.1,81.0,7.1,0
3014,1.0,1.0,0.1,21.3,23.1,81.0,7.1,-1
3016,2.0,2.0,0.1,21.3,23.1,81.0,7.1,0
3017,1.0,2.0,0.1,21.3,23.1,81.0,7.1,-1
3018,2.0,2.0,0.1,21.3,23.1,81.0,7.1,2
3020,1.0,2.0,0.1,21.3,23.1,81.0,7.1,0
3023,2.0,1.0,0.1,21.3,23.1,81.0,7.1,0
3025,1.0,1.0,0.1,21.3,23.1,81.0,7.1,0
3029,2.0,1.0,0.1,21.3,23.1,81.0,7.1,-1
3037,2.0,1.0,0.1,21.3,23.1,87.0,9.0,0
3038,2.0,2.0,0.1,21.3,23.1,87.0,9.0,0
3041,2.0,1.0,0.1,21.3,23.1,87.0,9.0,-1
3045,2.0,2.0,0.1,21.3,23.1,87.0,9.0,-1
3051,3.0,2.0,0.1,21.3,23.1,87.0,9.0,-1
3052,3.0,1.0,0.1,21.3,23.1,87.0,9.0,0
3068,3.0,2.0,0.1,21.3,23.1,87.0,9.0,0
3080,2.0,2.0,0.1,21.3,23.1,87.0,9.0,1
3089,2.0,1.0,0.1,21.3,23.1,87.0,9.0,1
3090,2.0,2.0,0.1,21.3,23.1,87.0,9.0,2
3093,4.0,2.0,0.1,21.3,23.1,87.0,9.0,0
3099,1.0,1.0,0.1,21.3,23.1,87.0,9.0,-1
3106,2.0,1.0,0.1,21.3,23.1,87.0,9.0,-2
3114,2.0,2.0,0.1,22.1,23.1,93.0,6.0,0
3115,3.0,2.0,0.1,22.1,23.1,93.0,6.0,-1
3117,2.0,2.0,0.1,22.1,23.1,93.0,6.0,-1
3119,2.0,1.0,0.1,22.1,23.1,93.0,6.0,-1
3121,2.0,1.0,0.1,22.1,23.1,93.0,6.0,0
3125,3.0,1.0,0.1,22.1,23.1,93.0,6.0,-1
3129,2.0,1.0,0.1,22.1,23.1,93.0,6.0,1
3130,3.0,2.0,0.1,22.1,23.1,93.0,6.0,0
3136,2.0,2.0,0.1,22.9,23.1,54.0,10.0,0
3137,3.0,2.0,0.1,22.9,23.1,54.0,10.0,0
3139,3.0,1.0,0.1,22.9,23.1,54.0,10.0,-1
3141,2.0,1.0,0.1,22.9,23.1,54.0,10.0,0
3146,3.0,1.0,0.1,22.9,23.1,54.0,10.0,0
3152,2.0,1.0,0.1,22.9,23.1,54.0,10.0,-1
3157,1.0,2.0,0.1,23.7,23.1,96.0,14.5,-1
3158,1.0,2.0,0.1,23.7,23.1,96.0,14.5,0
3159,2.0,1.0,0.1,23.7,23.1,96.0,14.5,0
3160,1.0,1.0,0.1,23.7,23.1,96.0,14.5,-1
3162,2.0,2.0,0.1,23.7,23.1,96.0,14.5,1
3163,2.0,2.0,0.1,23.7,23.1,96.0,14.5,-1
3164,1.0,1.0,0.1,23.7,23.1,96.0,14.5,0
3165,2.0,1.0,0.1,23.7,23.1,96.0,14.5,1
3167,2.0,2.0,0.1,23.7,23.1,96.0,14.5,0
3170,3.0,2.0,0.1,23.7,23.1,96.0,14.5,1
3196,1.0,1.0,0.1,23.7,23.1,96.0,14.5,1
3199,1.0,2.0,0.1,23.7,23.1,96.0,14.5,1
3206,3.0,2.0,0.1,23.7,23.1,96.0,14.5,-1
3207,4.0,2.0,0.1,23.7,23.1,96.0,14.5,0
3216,2.0,1.0,0.1,23.7,23.1,96.0,14.5,-1
3218,3.0,2.0,0.1,23.7,23.1,96.0,14.5,0
3225,1.0,2.0,0.1,23.7,23.1,96.0,14.5,2
3243,2.0,2.0,0.1,23.7,23.1,83.0,8.6,0
3244,1.0,1.0,0.1,23.7,23.1,83.0,8.6,0
3245,1.0,2.0,0.1,23.7,23.1,83.0,8.6,0
3246,2.0,2.0,0.1,23.7,23.1,83.0,8.6,-1
3251,1.0,1.0,0.1,23.7,23.1,83.0,8.6,-2
3256,1.0,2.0,0.1,23.7,23.1,83.0,8.6,-1
3267,1.0,1.0,0.1,23.7,23.1,83.0,8.6,-1
3270,1.0,2.0,0.1,23.7,23.1,83.0,8.6,-2
3271,2.0,1.0,0.1,23.7,23.1,83.0,8.6,0
3272,1.0,2.0,0.1,23.7,23.1,82.0,5.9,0
3273,2.0,2.0,0.1,23.7,23.1,82.0,5.9,0
3275,2.0,2.0,0.1,23.7,23.1,82.0,5.9,-1
3281,2.0,2.0,0.1,23.7,23.1,82.0,5.9,1
3282,6.0,2.0,0.1,23.7,23.1,82.0,5.9,0
3284,3.0,1.0,0.1,23.7,23.1,82.0,5.9,0
3285,1.0,1.0,0.1,23.7,23.1,82.0,5.9,-1
3287,2.0,2.0,0.1,23.7,23.1,82.0,5.9,-2
3292,2.0,1.0,0.1,23.7,23.1,82.0,5.9,2
3293,1.0,1.0,0.1,23.7,23.1,82.0,5.9,0
3294,6.0,1.0,0.1,23.7,23.1,82.0,5.9,-1
3298,2.0,1.0,0.1,23.7,23.1,82.0,5.9,-1
3305,2.0,1.0,0.1,23.7,23.1,82.0,5.9,0
3314,2.0,1.0,0.1,23.7,23.1,91.0,5.6,0
3315,1.0,2.0,0.1,23.7,23.1,91.0,5.6,-1
3316,2.0,2.0,0.1,23.7,23.1,91.0,5.6,-1
3317,1.0,1.0,0.1,23.7,23.1,91.0,5.6,1
3318,2.0,2.0,0.1,23.7,23.1,91.0,5.6,0
3319,1.0,1.0,0.1,23.7,23.1,91.0,5.6,-1
3320,1.0,2.0,0.1,23.7,23.1,91.0,5.6,0
3325,1.0,1.0,0.1,23.7,23.1,91.0,5.6,0
3326,2.0,1.0,0.1,23.7,23.1,91.0,5.6,-1
3327,2.0,1.0,0.1,23.7,23.1,81.0,8.0,0
3328,2.0,2.0,0.1,23.7,23.1,81.0,8.0,0
3329,1.0,1.0,0.1,23.7,23.1,81.0,8.0,0
3330,1.0,1.0,0.1,23.7,23.1,81.0,8.0,1
3331,1.0,2.0,0.1,23.7,23.1,81.0,8.0,0
3332,1.0,1.0,0.1,23.7,23.1,81.0,8.0,-1
3334,1.0,2.0,0.1,23.7,23.1,81.0,8.0,-1
3341,2.0,2.0,0.1,23.7,23.1,81.0,8.0,-1
3343,2.0,2.0,0.1,23.7,23.1,81.0,8.0,1
3345,3.0,1.0,0.1,23.7,23.1,81.0,8.0,1
3346,3.0,2.0,0.1,23.7,23.1,81.0,8.0,0
3348,1.0,2.0,0.1,23.7,23.1,81.0,8.0,1
3352,2.0,1.0,0.1,23.7,23.1,81.0,8.0,1
3365,1.0,2.0,0.1,23.7,23.1,81.0,8.0,-2
3374,2.0,1.0,0.1,23.7,23.1,80.0,11.4,0
3375,2.0,1.0,0.1,23.7,23.1,80.0,11.4,-1
3376,1.0,2.0,0.1,23.7,23.1,80.0,11.4,-1
3379,3.0,2.0,0.1,23.7,23.1,80.0,11.4,0
3382,2.0,1.0,0.1,23.7,23.1,80.0,11.4,1
3384,3.0,1.0,0.1,23.7,23.1,80.0,11.4,0
3385,2.0,2.0,0.1,23.7,23.1,80.0,11.4,0
3399,6.0,2.0,0.1,23.7,23.1,80.0,11.4,0
3402,2.0,2.0,0.1,23.7,23.1,80.0,11.4,-1
3403,4.0,2.0,0.1,23.7,23.1,80.0,11.4,0
3405,3.0,1.0,0.1,23.7,23.1,80.0,11.4,-1
3407,4.0,1.0,0.1,23.7,23.1,80.0,11.4,2
3408,1.0,1.0,0.1,23.7,23.1,80.0,11.4,0
3410,4.0,2.0,0.1,23.7,23.1,80.0,11.4,-1
3411,1.0,2.0,0.1,23.7,23.1,80.0,11.4,0
3413,1.0,1.0,0.1,23.7,23.1,80.0,11.4,-1
3423,1.0,1.0,0.1,23.7,23.1,80.0,11.4,-2
3430,1.0,2.0,0.1,23.7,23.1,24.0,11.2,0
3432,2.0,2.0,0.1,23.7,23.1,24.0,11.2,0
3433,1.0,2.0,0.1,23.7,23.1,24.0,11.2,-1
3434,1.0,1.0,0.1,23.7,23.1,24.0,11.2,0
3442,1.0,1.0,0.1,23.7,23.1,24.0,11.2,-1
3452,3.0,2.0,0.1,23.7,23.1,24.0,11.2,-1
3458,1.0,2.0,0.1,23.7,23.1,24.0,11.2,-2
3462,1.0,2.0,0.1,23.7,23.1,28.0,12.2,-2
3463,1.0,2.0,0.1,23.7,23.1,28.0,12.2,-1
3466,1.0,2.0,0.1,23.7,23.1,28.0,12.2,0
3471,1.0,1.0,0.1,23.7,23.1,28.0,12.2,-1
3474,1.0,1.0,0.1,23.7,23.1,28.0,12.2,0
3486,3.0,2.0,0.1,23.7,23.1,28.0,12.2,0
3489,2.0,2.0,0.1,23.7,23.1,28.0,12.2,-1
3497,2.0,2.0,0.1,23.7,23.1,52.0,7.0,0
3498,1.0,2.0,0.1,23.7,23.1,52.0,7.0,0
3500,1.0,2.0,0.1,23.7,23.1,52.0,7.0,-1
3501,1.0,1.0,0.1,23.7,23.1,52.0,7.0,-1
3502,2.0,2.0,0.1,23.7,23.1,52.0,7.0,-2
3505,4.0,2.0,0.1,23.7,23.1,52.0,7.0,-1
3506,2.0,2.0,0.1,23.7,23.1,52.0,7.0,-1
3521,1.0,1.0,0.1,23.7,23.1,52.0,7.0,-2
3527,1.0,1.0,0.1,24.0,23.1,52.0,23.2,-1
3528,2.0,2.0,0.1,24.0,23.1,52.0,23.2,0
3530,2.0,2.0,0.1,24.0,23.1,52.0,23.2,-1
3531,3.0,1.0,0.1,24.0,23.1,52.0,23.2,-1
3534,2.0,1.0,0.1,24.0,23.1,52.0,23.2,-2
3535,1.0,1.0,0.1,24.0,23.1,52.0,23.2,0
3540,1.0,2.0,0.1,24.0,23.1,52.0,23.2,0
3548,2.0,1.0,0.1,24.0,23.1,52.0,23.2,-1
3550,2.0,1.0,0.1,24.0,23.1,52.0,23.2,0
3572,1.0,2.0,0.1,24.0,23.1,52.0,23.2,-1
3586,1.0,1.0,0.1,19.0,23.1,52.0,15.5,0
3587,1.0,1.0,0.1,19.0,23.1,52.0,15.5,-1
3588,1.0,2.0,0.1,19.0,23.1,52.0,15.5,-1
3590,1.0,1.0,0.1,19.0,23.1,52.0,15.5,-2
3600,1.0,2.0,0.1,19.0,23.1,52.0,15.5,0
3604,3.0,2.0,0.1,19.0,23.1,52.0,15.5,-1
3606,1.0,1.0,0.1,19.0,23.1,52.0,15.5,1
3610,1.0,2.0,0.1,19.0,23.1,52.0,15.5,-2
3628,2.0,1.0,0.1,19.0,23.1,52.0,15.5,-1
3631,2.0,2.0,0.1,19.0,23.1,52.0,15.5,0
3637,2.0,2.0,0.1,19.0,23.1,52.0,15.5,-1
3652,1.0,2.0,0.17,22.65,22.6,58.0,25.0,-1
3654,2.0,2.0,0.17,22.65,22.6,58.0,25.0,0
3656,2.0,2.0,0.17,22.65,22.6,58.0,25.0,-1
3658,1.0,1.0,0.17,22.65,22.6,58.0,25.0,-1
3659,1.0,2.0,0.17,22.65,22.6,58.0,25.0,0
3665,1.0,2.0,0.17,22.65,22.6,58.0,25.0,-2
3673,1.0,1.0,0.17,22.65,22.6,58.0,25.0,0
3683,2.0,1.0,0.17,22.65,22.6,58.0,25.0,0
3689,2.0,1.0,0.17,22.65,22.6,58.0,25.0,-1
3697,1.0,1.0,0.17,22.65,22.6,58.0,25.0,-2
3729,2.0,2.0,0.17,22.65,22.6,58.0,25.0,-2
3733,1.0,1.0,0.0,20.4925,20.5,58.0,11.8,0
3734,1.0,2.0,0.0,20.4925,20.5,58.0,11.8,0
3735,1.0,2.0,0.0,20.4925,20.5,58.0,11.8,-1
3736,1.0,2.0,0.0,20.4925,20.5,58.0,11.8,1
3740,1.0,1.0,0.0,20.4925,20.5,58.0,11.8,-1
3744,1.0,2.0,0.0,20.4925,20.5,58.0,11.8,-2
3758,2.0,1.0,0.0,20.4925,20.5,58.0,11.8,-2
3764,2.0,2.0,0.0,20.4925,20.5,58.0,11.8,0
3770,2.0,2.0,0.0,20.4925,20.5,58.0,11.8,-1
3784,2.0,1.0,0.0,20.4925,20.5,58.0,11.8,0
3793,2.0,2.0,0.0,20.4925,20.5,58.0,11.8,2
3794,1.0,2.0,0.0,20.4925,20.5,58.0,11.8,2
3802,1.0,1.0,0.1,24.2,23.1,73.5,29.0,0
3803,1.0,2.0,0.1,24.2,23.1,73.5,29.0,-1
3804,1.0,2.0,0.1,24.2,23.1,73.5,29.0,0
3805,1.0,1.0,0.1,24.2,23.1,73.5,29.0,-1
3816,1.0,2.0,0.1,24.2,23.1,73.5,29.0,-2
3847,1.0,2.0,0.109,29.035999999999998,23.1,54.0,28.0,0
3848,1.0,1.0,0.109,29.035999999999998,23.1,54.0,28.0,0
3850,1.0,1.0,0.109,29.035999999999998,23.1,54.0,28.0,-1
3851,2.0,1.0,0.109,29.035999999999998,23.1,54.0,28.0,0
3853,1.0,2.0,0.109,29.035999999999998,23.1,54.0,28.0,-1
3860,1.0,1.0,0.109,29.035999999999998,23.1,54.0,28.0,1
3871,1.0,2.0,0.109,29.035999999999998,23.1,54.0,28.0,1
3877,1.0,2.0,0.1,25.79,23.1,76.0,22.0,1
3878,1.0,2.0,0.1,25.79,23.1,76.0,22.0,0
3879,1.0,1.0,0.1,25.79,23.1,76.0,22.0,0
3881,1.0,1.0,0.1,25.79,23.1,76.0,22.0,-1
3889,1.0,2.0,0.1,25.79,23.1,76.0,22.0,-1
3947,1.0,1.0,0.1,25.79,23.1,76.0,22.0,2
3948,3.0,1.0,0.1,23.7,23.1,43.0,28.0,0
3949,1.0,2.0,0.1,23.7,23.1,43.0,28.0,0
3951,1.0,1.0,0.1,23.7,23.1,43.0,28.0,-1
3952,1.0,2.0,0.1,23.7,23.1,43.0,28.0,-1
3957,1.0,1.0,0.1,23.7,23.1,43.0,28.0,0
3960,3.0,2.0,0.1,23.7,23.1,43.0,28.0,-1
3976,1.0,1.0,0.1,25.5,23.1,90.0,19.0,-1
3977,1.0,1.0,0.1,25.5,23.1,90.0,19.0,-2
3978,1.0,2.0,0.1,25.5,23.1,90.0,19.0,-1
3981,1.0,2.0,0.1,25.5,23.1,90.0,19.0,-2
3984,1.0,1.0,0.1,25.5,23.1,90.0,19.0,0
3985,2.0,1.0,0.1,25.5,23.1,90.0,19.0,-1
3993,2.0,2.0,0.1,25.5,23.1,90.0,19.0,-1
4011,1.0,2.0,0.1,25.5,23.1,90.0,19.0,0
4015,1.0,1.0,0.1,25.5,23.1,82.0,20.0,0
4017,1.0,2.0,0.1,25.5,23.1,82.0,20.0,0
4018,1.0,2.0,0.1,25.5,23.1,82.0,20.0,-1
4022,1.0,1.0,0.1,25.5,23.1,82.0,20.0,-1
4027,2.0,2.0,0.1,25.5,23.1,82.0,20.0,-1
4030,1.0,1.0,0.1,25.5,23.1,82.0,20.0,2
4033,1.0,2.0,0.1,25.5,23.1,82.0,20.0,-2
4043,2.0,1.0,0.1,25.5,23.1,82.0,20.0,0
4055,2.0,2.0,0.1,23.7,23.1,59.0,31.1,-1
4056,3.0,1.0,0.1,23.7,23.1,59.0,31.1,-1
4057,2.0,1.0,0.1,23.7,23.1,59.0,31.1,0
4059,1.0,1.0,0.1,23.7,23.1,59.0,31.1,0
4064,2.0,1.0,0.1,23.7,23.1,59.0,31.1,-1
4073,4.0,1.0,0.1,23.7,23.1,61.0,30.7,0
4074,1.0,2.0,0.1,23.7,23.1,61.0,30.7,0
4075,1.0,2.0,0.1,23.7,23.1,61.0,30.7,-1
4076,2.0,2.0,0.1,23.7,23.1,61.0,30.7,0
4080,2.0,2.0,0.1,23.7,23.1,61.0,30.7,-1
4081,4.0,2.0,0.1,23.7,23.1,61.0,30.7,0
4099,2.0,2.0,0.1,23.7,23.1,61.0,30.7,2
4101,2.0,2.0,0.1,23.7,23.1,20.2,35.1,0
4104,1.0,2.0,0.1,23.7,23.1,20.2,35.1,0
4109,4.0,2.0,0.1,23.7,23.1,20.2,35.1,0
4110,3.0,1.0,0.1,23.7,23.1,20.2,35.1,1
4111,3.0,1.0,0.1,23.7,23.1,20.2,35.1,0
4112,2.0,2.0,0.1,23.7,23.1,85.2,27.1,0
4113,1.0,2.0,0.1,23.7,23.1,85.2,27.1,0
4114,1.0,2.0,0.1,23.7,23.1,85.2,27.1,-1
4121,2.0,2.0,0.1,23.7,23.1,85.2,27.1,-1
4130,1.0,1.0,0.1,23.7,23.1,85.2,27.1,-1
4136,3.0,2.0,0.1,23.7,23.1,39.4,32.1,-1
4137,3.0,2.0,0.1,23.7,23.1,39.4,32.1,0
4138,2.0,2.0,0.1,23.7,23.1,39.4,32.1,0
4139,2.0,2.0,0.1,23.7,23.1,39.4,32.1,-1
4141,2.0,1.0,0.1,23.7,23.1,39.4,32.1,0
4145,2.0,1.0,0.1,23.7,23.1,39.4,32.1,-1
4146,4.0,2.0,0.1,23.7,23.1,39.4,32.1,0
4148,3.0,1.0,0.1,23.7,23.1,39.4,32.1,0
4149,1.0,2.0,0.1,23.7,23.1,39.4,32.1,-1
4151,2.0,2.0,0.43,27.2,27.8,11.5,35.7,1
4152,2.0,2.0,0.43,27.2,27.8,11.5,35.7,-1
4154,3.0,2.0,0.43,27.2,27.8,11.5,35.7,0
4155,4.0,1.0,0.43,27.2,27.8,11.5,35.7,-1
4156,3.0,1.0,0.43,27.2,27.8,11.5,35.7,0
4158,2.0,2.0,0.43,27.2,27.8,11.5,35.7,0
4159,2.0,1.0,0.43,27.2,27.8,11.5,35.7,0
4160,3.0,2.0,0.43,27.2,27.8,11.5,35.7,-1
4173,2.0,2.0,0.69,33.9333333333333,33.7,27.4,35.8,-1
4175,2.0,2.0,0.69,33.9333333333333,33.7,27.4,35.8,0
4177,2.0,1.0,0.69,33.9333333333333,33.7,27.4,35.8,-1
4182,2.0,1.0,0.69,33.9333333333333,33.7,27.4,35.8,0
4183,3.0,1.0,0.69,33.9333333333333,33.7,27.4,35.8,0
4185,2.0,2.0,0.69,33.9333333333333,33.7,27.4,35.8,1
4187,2.0,1.0,0.69,33.9333333333333,33.7,27.4,35.8,2
4189,3.0,2.0,0.69,33.9333333333333,33.7,27.4,35.8,-1
4192,2.0,2.0,0.69,33.9333333333333,33.7,27.4,35.8,2
4193,3.0,2.0,0.69,33.9333333333333,33.7,27.4,35.8,0
4195,3.0,1.0,0.69,33.9333333333333,33.7,27.4,35.8,1
4197,1.0,2.0,0.69,33.9333333333333,33.7,27.4,35.8,2
4198,1.0,2.0,0.69,33.9333333333333,33.7,27.4,35.8,1
4201,2.0,2.0,0.41,27.5,27.2,84.9,28.6,0
4202,2.0,2.0,0.41,27.5,27.2,84.9,28.6,-1
4204,3.0,2.0,0.41,27.5,27.2,84.9,28.6,-1
4214,2.0,1.0,0.41,27.5,27.2,84.9,28.6,0
4217,3.0,1.0,0.41,27.5,27.2,84.9,28.6,-1
4219,3.0,1.0,0.41,27.5,27.2,84.9,28.6,0
4221,2.0,1.0,0.41,27.5,27.2,84.9,28.6,-1
4227,1.0,2.0,0.41,27.5,27.2,84.9,28.6,0
4228,1.0,2.0,0.41,27.5,27.2,84.9,28.6,-1
4239,3.0,2.0,0.41,27.5,27.2,84.9,28.6,0
4242,4.0,1.0,0.41,27.5,27.2,84.9,28.6,-1
4252,2.0,1.0,0.1,23.7,23.1,40.0,29.0,0
4253,2.0,1.0,0.1,23.7,23.1,40.0,29.0,-1
4256,1.0,2.0,0.1,23.7,23.1,40.0,29.0,0
4257,2.0,2.0,0.1,23.7,23.1,40.0,29.0,0
4258,2.0,2.0,0.1,23.7,23.1,40.0,29.0,-1
4269,1.0,2.0,0.1,23.7,23.1,40.0,29.0,-1
4271,3.0,2.0,0.1,23.7,23.1,40.0,29.0,-1
4286,1.0,1.0,0.1,23.7,23.1,40.0,29.0,0
4310,3.0,1.0,0.1,23.45,23.1,74.0,22.0,-1
4311,1.0,1.0,0.1,23.45,23.1,74.0,22.0,-1
4312,1.0,1.0,0.1,23.45,23.1,74.0,22.0,-2
4314,1.0,1.0,0.1,23.45,23.1,74.0,22.0,0
4328,1.0,2.0,0.1,23.45,23.1,74.0,22.0,-2
4329,2.0,2.0,0.1,23.45,23.1,74.0,22.0,-2
4331,2.0,2.0,0.1,23.45,23.1,74.0,22.0,-1
4334,1.0,1.0,0.1,23.45,23.1,74.0,22.0,1
4335,1.0,2.0,0.1,23.45,23.1,74.0,22.0,-1
4342,1.0,2.0,0.1,23.45,23.1,74.0,22.0,0
4347,1.0,1.0,0.1,18.0025,23.1,43.0,13.0,-2
4348,1.0,1.0,0.1,18.0025,23.1,43.0,13.0,-1
4354,1.0,2.0,0.1,18.0025,23.1,43.0,13.0,-1
4356,1.0,2.0,0.1,18.0025,23.1,43.0,13.0,0
4357,1.0,2.0,0.1,18.0025,23.1,43.0,13.0,-2
4361,3.0,2.0,0.1,18.0025,23.1,43.0,13.0,-1
4363,2.0,2.0,0.1,18.0025,23.1,43.0,13.0,-1
4367,1.0,1.0,0.1,18.0025,23.1,43.0,13.0,0
4379,1.0,1.0,0.1,24.6,23.1,68.0,25.0,0
4385,1.0,1.0,0.1,24.6,23.1,68.0,25.0,-1
4386,1.0,2.0,0.1,24.6,23.1,68.0,25.0,0
4387,1.0,2.0,0.1,24.6,23.1,68.0,25.0,-1
4393,3.0,2.0,0.1,24.6,23.1,68.0,25.0,0
4395,2.0,2.0,0.1,24.6,23.1,68.0,25.0,0
4402,2.0,1.0,0.1,24.6,23.1,68.0,25.0,0
4431,1.0,1.0,0.1,19.466666666666697,23.1,49.0,15.0,-1
4432,1.0,2.0,0.1,19.466666666666697,23.1,49.0,15.0,-1
4433,1.0,1.0,0.1,19.466666666666697,23.1,49.0,15.0,1
4438,1.0,1.0,0.1,19.466666666666697,23.1,49.0,15.0,0
4439,1.0,2.0,0.1,19.466666666666697,23.1,49.0,15.0,-2
4441,1.0,2.0,0.1,19.466666666666697,23.1,49.0,15.0,0
4443,1.0,1.0,0.1,19.466666666666697,23.1,49.0,15.0,-2
4446,2.0,1.0,0.1,19.466666666666697,23.1,49.0,15.0,-2
4466,2.0,1.0,0.1,23.7,23.1,15.0,45.0,0
4467,2.0,2.0,0.1,23.7,23.1,15.0,45.0,0
4468,2.0,2.0,0.1,23.7,23.1,15.0,45.0,-1
4469,2.0,1.0,0.1,23.7,23.1,15.0,45.0,-1
4471,2.0,2.0,0.1,23.7,23.1,15.0,45.0,1
4489,2.0,1.0,0.1,23.7,23.1,15.0,45.0,2
4498,2.0,2.0,0.1,22.0,23.1,61.0,21.0,0
4500,4.0,2.0,0.1,22.0,23.1,61.0,21.0,0
4502,2.0,1.0,0.1,22.0,23.1,61.0,21.0,0
4503,2.0,2.0,0.1,22.0,23.1,61.0,21.0,1
4508,2.0,2.0,0.1,23.7,23.1,56.0,20.0,1
4509,2.0,2.0,0.1,23.7,23.1,56.0,20.0,0
4514,2.0,1.0,0.1,23.7,23.1,56.0,20.0,-1
4515,2.0,1.0,0.1,23.7,23.1,68.0,18.0,0
4517,2.0,2.0,0.1,23.7,23.1,68.0,18.0,0
4519,5.0,2.0,0.1,23.7,23.1,48.0,18.0,0
4520,1.0,2.0,0.1,23.7,23.1,48.0,18.0,-1
4521,1.0,2.0,0.1,23.7,23.1,48.0,18.0,0
4522,1.0,1.0,0.1,23.7,23.1,48.0,18.0,-1
4523,1.0,1.0,0.1,23.7,23.1,48.0,18.0,0
4525,2.0,2.0,0.1,23.7,23.1,48.0,18.0,1
4528,2.0,2.0,0.1,23.7,23.1,48.0,18.0,0
4529,2.0,1.0,0.1,23.7,23.1,48.0,18.0,0
4533,1.0,2.0,0.1,23.7,23.1,48.0,18.0,1
4535,2.0,2.0,0.1,23.7,23.1,48.0,18.0,-1
4540,1.0,1.0,0.1,23.7,23.1,48.0,18.0,1
4543,1.0,2.0,0.1,23.7,23.1,42.0,18.0,-1
4544,2.0,2.0,0.1,23.7,23.1,42.0,18.0,-1
4545,1.0,2.0,0.1,23.7,23.1,42.0,18.0,1
4546,1.0,1.0,0.1,23.7,23.1,42.0,18.0,0
4547,1.0,2.0,0.1,23.7,23.1,42.0,18.0,0
4550,2.0,2.0,0.1,23.7,23.1,42.0,18.0,0
4555,2.0,1.0,0.1,23.7,23.1,42.0,18.0,-1
4556,2.0,1.0,0.1,23.7,23.1,42.0,18.0,0
4564,1.0,1.0,0.1,23.7,23.1,42.0,18.0,-1
4568,2.0,1.0,0.1,23.7,23.1,42.0,18.0,1
4578,2.0,2.0,0.1,25.6,23.1,5.0,29.0,-1
4579,1.0,2.0,0.1,25.6,23.1,5.0,29.0,0
4580,2.0,2.0,0.1,25.6,23.1,5.0,29.0,0
4597,2.0,1.0,0.1,25.6,23.1,5.0,29.0,-1
4604,1.0,2.0,0.1,25.6,23.1,5.0,29.0,-1
4614,1.0,1.0,0.1,25.6,23.1,5.0,29.0,0
4646,1.0,1.0,0.1,25.6,23.1,5.0,29.0,-1
4648,2.0,1.0,0.1,25.6,23.1,5.0,29.0,0
4666,4.0,1.0,0.1,24.1,23.1,7.0,21.0,0
4667,5.0,2.0,0.1,24.1,23.1,7.0,21.0,0
4668,2.0,1.0,0.1,24.1,23.1,7.0,21.0,0
4670,3.0,1.0,0.1,24.1,23.1,7.0,21.0,-1
4671,2.0,2.0,0.1,24.1,23.1,7.0,21.0,0
4672,1.0,1.0,0.1,24.1,23.1,7.0,21.0,0
4673,3.0,1.0,0.1,24.1,23.1,7.0,21.0,0
4675,1.0,2.0,0.1,24.1,23.1,7.0,21.0,0
4677,1.0,2.0,0.1,24.1,23.1,7.0,21.0,-1
4679,1.0,1.0,0.1,24.1,23.1,7.0,21.0,-1
4681,2.0,2.0,0.1,24.1,23.1,7.0,21.0,-1
4689,1.0,1.0,0.1,24.1,23.1,7.0,21.0,1
4690,2.0,1.0,0.1,24.1,23.1,7.0,21.0,-1
4706,2.0,2.0,0.1,24.1,23.1,7.0,21.0,-2
4731,1.0,2.0,0.1,25.4,23.1,19.0,22.5,0
4732,1.0,2.0,0.1,25.4,23.1,19.0,22.5,-1
4733,1.0,1.0,0.1,25.4,23.1,19.0,22.5,0
4734,1.0,1.0,0.1,25.4,23.1,19.0,22.5,-1
4735,1.0,2.0,0.1,25.4,23.1,19.0,22.5,1
4737,2.0,2.0,0.1,25.4,23.1,19.0,22.5,-1
4738,2.0,2.0,0.1,25.4,23.1,19.0,22.5,0
4747,2.0,1.0,0.1,25.4,23.1,19.0,22.5,-1
4749,2.0,1.0,0.1,25.4,23.1,19.0,22.5,0
4751,2.0,1.0,0.1,25.4,23.1,19.0,22.5,1
4767,2.0,1.0,0.1,25.9,23.1,14.0,30.0,0
4768,3.0,1.0,0.1,25.9,23.1,14.0,30.0,0
4773,1.0,2.0,0.1,25.9,23.1,14.0,30.0,0
4774,1.0,1.0,0.1,25.9,23.1,14.0,30.0,-1
4777,2.0,1.0,0.1,25.9,23.1,14.0,30.0,-1
4779,1.0,2.0,0.1,25.9,23.1,14.0,30.0,-1
4781,1.0,1.0,0.1,25.9,23.1,14.0,30.0,0
4794,2.0,2.0,0.1,25.9,23.1,14.0,30.0,0
4825,3.0,1.0,0.1,24.65,23.1,29.0,11.0,0
4827,2.0,1.0,0.1,24.65,23.1,29.0,11.0,0
4830,1.0,1.0,0.1,24.65,23.1,29.0,11.0,-1
4831,1.0,2.0,0.1,24.65,23.1,29.0,11.0,0
4835,1.0,1.0,0.1,24.65,23.1,29.0,11.0,0
4842,2.0,2.0,0.1,24.65,23.1,29.0,11.0,-1
4844,1.0,2.0,0.1,24.65,23.1,29.0,11.0,-1
4848,2.0,2.0,0.1,24.65,23.1,29.0,11.0,0
4854,2.0,1.0,0.1,24.65,23.1,29.0,11.0,-1
4879,5.0,2.0,0.1,26.7,23.1,12.0,30.0,-1
4880,2.0,2.0,0.1,26.7,23.1,12.0,30.0,-1
4881,2.0,1.0,0.1,26.7,23.1,12.0,30.0,-1
4886,2.0,2.0,0.1,26.7,23.1,12.0,30.0,-2
4897,2.0,2.0,0.1,26.7,23.1,12.0,30.0,0
4908,1.0,2.0,0.1,26.7,23.1,12.0,30.0,0
4909,1.0,1.0,0.1,26.7,23.1,12.0,30.0,0
4911,2.0,2.0,0.1,26.7,23.1,12.0,30.0,1
4912,1.0,2.0,0.1,26.7,23.1,12.0,30.0,-1
4916,2.0,1.0,0.1,26.7,23.1,12.0,30.0,0
4929,1.0,2.0,0.1,21.4,23.1,37.0,12.0,-1
4930,1.0,1.0,0.1,21.4,23.1,37.0,12.0,-1
4934,1.0,1.0,0.1,21.4,23.1,37.0,12.0,0
4936,1.0,2.0,0.1,21.4,23.1,37.0,12.0,0
4939,2.0,2.0,0.1,21.4,23.1,37.0,12.0,-1
4940,1.0,1.0,0.1,21.4,23.1,37.0,12.0,-2
4942,2.0,2.0,0.1,21.4,23.1,37.0,12.0,0
4950,2.0,1.0,0.1,21.4,23.1,37.0,12.0,0
4952,2.0,1.0,0.1,21.4,23.1,37.0,12.0,-1
4972,2.0,1.0,0.1,21.4,23.1,37.0,12.0,-2
4975,3.0,1.0,0.1,21.4,23.1,37.0,12.0,-1
4979,2.0,1.0,0.1,25.2,23.1,47.0,21.58,0
4980,1.0,1.0,0.1,25.2,23.1,47.0,21.58,0
5001,1.0,2.0,0.1,25.2,23.1,47.0,21.58,0
5003,1.0,2.0,0.1,25.2,23.1,47.0,21.58,-1
5004,2.0,2.0,0.1,25.2,23.1,47.0,21.58,0
5010,1.0,1.0,0.0,20.6,23.1,53.3,10.3,-2
5011,1.0,1.0,0.0,20.6,23.1,53.3,10.3,-1
5017,2.0,1.0,0.0,20.6,23.1,53.3,10.3,-1
5031,1.0,1.0,0.0,20.6,23.1,53.3,10.3,0
5047,1.0,2.0,0.0,20.6,23.1,53.3,10.3,0
5049,2.0,2.0,0.0,20.6,23.1,53.3,10.3,0
5050,1.0,2.0,0.0,20.6,23.1,53.3,10.3,-2
5053,1.0,2.0,0.0,20.6,23.1,53.3,10.3,-1
5056,2.0,1.0,0.0,20.6,23.1,53.3,10.3,-2
5057,2.0,2.0,0.0,20.6,23.1,53.3,10.3,-1
5065,2.0,2.0,0.0,20.6,23.1,53.3,10.3,-2
5071,1.0,2.0,0.0,26.6333333333333,27.0,32.6,19.4,0
5072,1.0,2.0,0.0,26.6333333333333,27.0,32.6,19.4,-1
5076,2.0,2.0,0.0,26.6333333333333,27.0,32.6,19.4,-1
5081,1.0,2.0,0.0,26.6333333333333,27.0,32.6,19.4,1
5100,1.0,2.0,0.0,21.5,21.5,31.0,12.0,0
5101,1.0,2.0,0.0,21.5,21.5,31.0,12.0,-1
5111,1.0,2.0,0.0,21.5,21.5,31.0,12.0,1
5128,2.0,1.0,0.0,21.5,21.5,31.0,12.0,1
5129,2.0,1.0,0.0,21.5,21.5,31.0,12.0,0
5147,2.0,2.0,0.0,21.5,21.5,31.0,12.0,0
5154,2.0,2.0,0.0,21.5,21.5,31.0,12.0,1
5155,2.0,2.0,0.0,21.5,21.5,31.0,12.0,-1
5162,2.0,1.0,0.0,21.5,21.5,31.0,12.0,-1
5180,1.0,1.0,0.1,23.0,23.1,30.1,18.1,-1
5182,1.0,1.0,0.1,23.0,23.1,30.1,18.1,0
5202,3.0,1.0,0.1,23.0,23.1,30.1,18.1,0
5203,1.0,1.0,0.0,22.4,23.1,35.0,14.5,0
5204,1.0,1.0,0.0,22.4,23.1,35.0,14.5,-1
5206,2.0,1.0,0.0,22.4,23.1,35.0,14.5,-1
5207,2.0,1.0,0.0,22.4,23.1,35.0,14.5,0
5216,2.0,2.0,0.0,22.4,23.1,35.0,14.5,-1
5218,1.0,2.0,0.0,22.4,23.1,35.0,14.5,0
5221,2.0,2.0,0.0,22.4,23.1,35.0,14.5,0
5226,1.0,2.0,0.0,22.4,23.1,35.0,14.5,-1
5233,3.0,2.0,0.1,25.0,23.1,25.0,33.1,0
5234,2.0,2.0,0.1,25.0,23.1,25.0,33.1,-1
5235,2.0,2.0,0.1,25.0,23.1,25.0,33.1,0
5238,3.0,2.0,0.1,25.0,23.1,25.0,33.1,-1
5239,1.0,2.0,0.1,25.0,23.1,25.0,33.1,-1
5242,1.0,1.0,0.1,25.0,23.1,25.0,33.1,-2
5243,2.0,1.0,0.1,25.0,23.1,25.0,33.1,-1
5244,1.0,2.0,0.1,25.0,23.1,25.0,33.1,0
5246,1.0,1.0,0.1,25.0,23.1,25.0,33.1,0
5250,3.0,2.0,0.1,33.3,23.1,61.0,30.5,2
5251,4.0,2.0,0.1,33.3,23.1,61.0,30.5,2
5252,2.0,2.0,0.1,33.3,23.1,61.0,30.5,1
5255,2.0,2.0,0.1,33.3,23.1,61.0,30.5,2
5257,1.0,2.0,0.1,33.3,23.1,61.0,30.5,1
5262,2.0,2.0,0.1,33.3,23.1,61.0,30.5,0
5265,1.0,2.0,0.1,33.3,23.1,61.0,30.5,0
5271,3.0,1.0,0.1,33.3,23.1,61.0,30.5,2
5272,1.0,2.0,0.1,33.3,23.1,61.0,30.5,2
5273,2.0,2.0,0.1,23.7,23.1,24.0,36.7,0
5274,1.0,2.0,0.1,23.7,23.1,24.0,36.7,0
5277,2.0,2.0,0.1,23.7,23.1,24.0,36.7,1
5279,1.0,1.0,0.1,23.7,23.1,24.0,36.7,0
5282,2.0,2.0,0.1,23.7,23.1,24.0,36.7,2
5283,2.0,1.0,0.1,23.7,23.1,24.0,36.7,1
5284,2.0,2.0,0.1,23.5,23.1,54.0,20.4,0
5285,1.0,2.0,0.1,23.5,23.1,54.0,20.4,-1
5288,1.0,2.0,0.1,23.5,23.1,54.0,20.4,0
5289,2.0,2.0,0.1,23.5,23.1,54.0,20.4,-1
5291,1.0,1.0,0.1,23.5,23.1,54.0,20.4,-1
5293,1.0,1.0,0.1,23.5,23.1,54.0,20.4,0
5297,1.0,1.0,0.1,20.5,23.1,91.0,10.7,0
5298,1.0,1.0,0.1,20.5,23.1,91.0,10.7,-1
5300,3.0,1.0,0.1,20.5,23.1,91.0,10.7,-1
5304,1.0,2.0,0.1,20.5,23.1,91.0,10.7,0
5305,1.0,2.0,0.1,20.5,23.1,91.0,10.7,-1
5316,2.0,2.0,0.1,20.5,23.1,91.0,10.7,0
5317,1.0,1.0,0.1,23.7,23.1,50.0,8.0,-1
5318,2.0,2.0,0.1,23.7,23.1,50.0,8.0,-1
5319,1.0,1.0,0.1,23.7,23.1,50.0,8.0,1
5320,1.0,2.0,0.1,23.7,23.1,50.0,8.0,0
5321,1.0,1.0,0.1,23.7,23.1,50.0,8.0,0
5326,2.0,2.0,0.1,23.7,23.1,50.0,8.0,0
5328,3.0,2.0,0.1,23.7,23.1,50.0,8.0,-1
5330,2.0,2.0,0.1,21.0,23.1,42.0,15.0,-1
5331,1.0,2.0,0.1,21.0,23.1,42.0,15.0,-1
5333,1.0,2.0,0.1,21.0,23.1,42.0,15.0,0
5335,2.0,2.0,0.1,21.0,23.1,42.0,15.0,0
5353,3.0,2.0,0.1,21.0,23.1,42.0,15.0,0
5359,2.0,1.0,0.1,23.7,23.1,37.0,31.0,2
5360,1.0,1.0,0.1,23.7,23.1,37.0,31.0,2
5361,1.0,1.0,0.1,23.7,23.1,37.0,31.0,-1
5362,2.0,2.0,0.1,23.7,23.1,37.0,31.0,0
5363,1.0,2.0,0.1,23.7,23.1,37.0,31.0,1
5364,4.0,2.0,0.1,23.7,23.1,37.0,31.0,0
5365,2.0,1.0,0.1,23.7,23.1,37.0,31.0,1
5368,2.0,1.0,0.1,23.7,23.1,37.0,31.0,0
5369,1.0,2.0,0.1,23.7,23.1,37.0,31.0,-1
5371,1.0,1.0,0.1,23.7,23.1,37.0,31.0,0
5373,2.0,2.0,0.1,23.7,23.1,37.0,31.0,2
5377,2.0,2.0,0.1,23.7,23.1,37.0,31.0,-1
5378,1.0,2.0,0.1,23.7,23.1,37.0,31.0,-2
5385,2.0,2.0,0.1,23.7,23.1,58.0,26.5,0
5387,1.0,2.0,0.1,23.7,23.1,58.0,26.5,0
5391,1.0,1.0,0.1,23.7,23.1,58.0,26.5,0
5403,1.0,2.0,0.1,23.7,23.1,58.0,26.5,-1
5404,2.0,2.0,0.1,23.7,23.1,58.0,26.5,1
5408,1.0,1.0,0.1,23.7,23.1,26.0,32.0,-1
5409,1.0,2.0,0.1,23.7,23.1,26.0,32.0,0
5412,1.0,1.0,0.1,23.7,23.1,26.0,32.0,0
5414,1.0,2.0,0.1,23.7,23.1,26.0,32.0,-1
5420,2.0,2.0,0.1,23.7,23.1,26.0,32.0,-1
5421,1.0,2.0,0.1,23.7,23.1,26.0,32.0,1
5423,1.0,2.0,0.1,23.7,23.1,24.0,30.0,0
5424,2.0,1.0,0.1,23.7,23.1,24.0,30.0,0
5426,2.0,2.0,0.1,23.7,23.1,24.0,30.0,1
5428,1.0,1.0,0.1,23.7,23.1,24.0,30.0,0
5434,1.0,1.0,0.1,23.7,23.1,24.0,30.0,1
5435,1.0,2.0,0.1,23.7,23.1,24.0,30.0,1
5441,1.0,2.0,0.1,23.7,23.1,24.0,30.0,2
5442,2.0,2.0,0.1,23.7,23.1,19.0,36.0,1
5444,1.0,2.0,0.1,23.7,23.1,19.0,36.0,0
5446,2.0,2.0,0.1,23.7,23.1,19.0,36.0,-2
5447,2.0,2.0,0.1,23.7,23.1,19.0,36.0,-1
5448,2.0,2.0,0.1,23.7,23.1,19.0,36.0,0
5451,1.0,1.0,0.1,23.7,23.1,19.0,36.0,0
5452,1.0,2.0,0.1,23.7,23.1,19.0,36.0,1
5455,1.0,2.0,0.1,23.7,23.1,19.0,36.0,-1
5456,2.0,2.0,0.1,23.7,23.1,19.0,35.0,0
5458,2.0,2.0,0.1,23.7,23.1,19.0,35.0,-1
5459,2.0,2.0,0.1,23.7,23.1,19.0,35.0,1
5465,1.0,2.0,0.1,23.7,23.1,19.0,35.0,0
5467,1.0,2.0,0.1,23.7,23.1,19.0,35.0,1
5475,2.0,2.0,0.1,23.7,23.1,28.0,35.0,0
5476,2.0,2.0,0.1,23.7,23.1,28.0,35.0,1
5477,1.0,2.0,0.1,23.7,23.1,28.0,35.0,0
5480,2.0,2.0,0.1,23.7,23.1,28.0,35.0,2
5486,3.0,2.0,0.1,23.7,23.1,28.0,35.0,0
5488,2.0,1.0,0.1,23.7,23.1,28.0,35.0,1
5489,2.0,1.0,0.1,23.7,23.1,24.0,34.0,0
5491,2.0,2.0,0.1,23.7,23.1,24.0,34.0,0
5494,2.0,1.0,0.1,23.7,23.1,24.0,34.0,-1
5496,2.0,2.0,0.1,23.7,23.1,24.0,34.0,1
5505,2.0,1.0,0.1,23.7,23.1,30.0,18.0,0
5506,2.0,2.0,0.1,23.7,23.1,30.0,18.0,-1
5508,1.0,1.0,0.1,23.7,23.1,30.0,18.0,-1
5512,2.0,1.0,0.1,23.7,23.1,30.0,18.0,-1
5513,1.0,1.0,0.1,23.7,23.1,30.0,18.0,0
5514,2.0,2.0,0.1,23.7,23.1,30.0,18.0,0
5518,2.0,2.0,0.1,23.7,23.1,51.0,12.0,-1
5519,2.0,2.0,0.1,23.7,23.1,51.0,12.0,1
5520,2.0,2.0,0.1,23.7,23.1,51.0,12.0,0
5532,2.0,2.0,0.1,23.7,23.1,77.0,12.0,1
5533,2.0,2.0,0.1,23.7,23.1,77.0,12.0,0
5535,1.0,2.0,0.1,23.7,23.1,77.0,12.0,1
5536,1.0,2.0,0.1,23.7,23.1,77.0,12.0,-2
5537,2.0,2.0,0.1,23.7,23.1,77.0,12.0,-1
5543,1.0,2.0,0.1,23.7,23.1,77.0,12.0,0
5547,2.0,2.0,0.1,23.7,23.1,77.0,12.0,2
5551,1.0,1.0,0.1,23.7,23.1,77.0,12.0,1
5552,2.0,1.0,0.1,23.7,23.1,77.0,12.0,0
5553,1.0,1.0,0.1,23.7,23.1,77.0,12.0,0
5554,1.0,1.0,0.2,28.3,23.1,69.0,31.0,0
5556,1.0,1.0,0.2,28.3,23.1,69.0,31.0,-1
5558,1.0,2.0,0.2,28.3,23.1,69.0,31.0,0
5560,1.0,1.0,0.2,28.3,23.1,69.0,31.0,-2
5566,1.0,1.0,0.2,28.3,23.1,69.0,31.0,2
5569,2.0,1.0,0.2,28.3,23.1,69.0,31.0,0
5570,1.0,2.0,0.2,28.3,23.1,69.0,31.0,-1
5618,2.0,2.0,0.2,28.3,23.1,69.0,31.0,0
5648,2.0,1.0,0.1,22.0,23.1,64.0,7.0,0
5649,1.0,1.0,0.1,22.0,23.1,64.0,7.0,0
5650,1.0,2.0,0.1,22.0,23.1,64.0,7.0,0
5652,1.0,1.0,0.1,22.0,23.1,64.0,7.0,-1
5654,2.0,2.0,0.1,22.0,23.1,64.0,7.0,-1
5667,3.0,1.0,0.1,22.0,23.1,64.0,7.0,0
5679,2.0,1.0,0.1,22.0,23.1,64.0,7.0,-1
5681,1.0,1.0,0.1,22.0,23.1,64.0,7.0,2
5691,2.0,2.0,0.1,22.0,23.1,64.0,7.0,0
5711,6.0,1.0,0.1,22.0,23.1,64.0,7.0,0
5717,3.0,1.0,0.02,26.3,23.1,54.0,22.8,-1
5718,2.0,1.0,0.02,26.3,23.1,54.0,22.8,0
5719,3.0,2.0,0.02,26.3,23.1,54.0,22.8,2
5721,3.0,2.0,0.02,26.3,23.1,54.0,22.8,-1
5722,3.0,1.0,0.02,26.3,23.1,54.0,22.8,2
5723,3.0,1.0,0.02,26.3,23.1,54.0,22.8,0
5728,4.0,2.0,0.02,26.3,23.1,54.0,22.8,1
5730,4.0,2.0,0.02,26.3,23.1,54.0,22.8,0
5732,3.0,1.0,0.02,26.3,23.1,54.0,22.8,1
5733,4.0,1.0,0.02,26.3,23.1,54.0,22.8,0
5734,3.0,1.0,0.03,26.45,23.1,54.0,24.0,0
5735,3.0,2.0,0.03,26.45,23.1,54.0,24.0,0
5736,2.0,1.0,0.03,26.45,23.1,54.0,24.0,0
5737,2.0,1.0,0.03,26.45,23.1,54.0,24.0,-1
5739,2.0,1.0,0.01,26.2,23.1,54.0,23.6,0
5740,3.0,2.0,0.01,26.2,23.1,54.0,23.6,0
5741,2.0,1.0,0.01,26.2,23.1,54.0,23.6,-1
5743,2.0,1.0,0.01,26.2,23.1,54.0,23.6,1
5752,1.0,1.0,0.01,26.2,23.1,54.0,23.6,-1
5755,2.0,2.0,0.01,26.2,23.1,54.0,23.6,0
5760,2.0,1.0,0.0,25.75,23.1,54.0,18.5,0
5761,3.0,1.0,0.0,25.75,23.1,54.0,18.5,0
5762,3.0,1.0,0.0,25.75,23.1,54.0,18.5,2
5764,2.0,1.0,0.0,25.75,23.1,54.0,18.5,-1
5770,4.0,1.0,0.0,25.75,23.1,54.0,18.5,0
5772,5.0,1.0,0.0,25.75,23.1,54.0,18.5,0
5779,1.0,1.0,0.1,25.6,23.1,54.0,24.7,-1
5780,2.0,2.0,0.1,25.6,23.1,54.0,24.7,-1
5781,2.0,1.0,0.1,25.6,23.1,54.0,24.7,-1
5782,2.0,1.0,0.1,25.6,23.1,54.0,24.7,0
5791,1.0,1.0,0.1,25.6,23.1,54.0,24.7,0
5793,1.0,2.0,0.1,25.6,23.1,54.0,24.7,-1
5803,2.0,1.0,0.1,25.6,23.1,54.0,24.7,1
5808,3.0,2.0,0.1,25.2,23.1,54.0,23.9,-1
5809,4.0,1.0,0.1,25.2,23.1,54.0,23.9,-1
5810,3.0,1.0,0.1,25.2,23.1,54.0,23.9,1
5811,3.0,1.0,0.1,25.2,23.1,54.0,23.9,0
5816,3.0,1.0,0.1,25.2,23.1,54.0,23.9,-1
5817,3.0,2.0,0.1,25.2,23.1,54.0,23.9,0
5823,6.0,1.0,0.1,25.2,23.1,54.0,23.9,0
5824,4.0,1.0,0.1,25.2,23.1,54.0,23.9,0
5825,2.0,1.0,0.05,22.4,23.1,38.0,13.7,-1
5826,2.0,1.0,0.05,22.4,23.1,38.0,13.7,0
5831,1.0,1.0,0.05,22.4,23.1,38.0,13.7,-1
5832,2.0,2.0,0.05,22.4,23.1,38.0,13.7,-1
5843,2.0,2.0,0.05,22.4,23.1,38.0,13.7,0
5844,3.0,1.0,0.05,22.4,23.1,38.0,13.7,-1
5849,3.0,1.0,0.06,23.7,23.1,44.0,20.9,-1
5850,2.0,1.0,0.06,23.7,23.1,44.0,20.9,-2
5851,4.0,1.0,0.06,23.7,23.1,44.0,20.9,-1
5852,2.0,1.0,0.06,23.7,23.1,44.0,20.9,-1
5854,3.0,1.0,0.06,23.7,23.1,44.0,20.9,-2
5856,3.0,2.0,0.06,23.7,23.1,44.0,20.9,0
5858,2.0,1.0,0.09,23.3,23.1,39.0,21.7,0
5859,2.0,1.0,0.09,23.3,23.1,39.0,21.7,-2
5860,2.0,2.0,0.09,23.3,23.1,39.0,21.7,-1
5862,2.0,1.0,0.09,23.3,23.1,39.0,21.7,-1
5863,3.0,1.0,0.09,23.3,23.1,39.0,21.7,0
5866,3.0,2.0,0.09,23.3,23.1,39.0,21.7,-1
5873,1.0,2.0,0.09,23.3,23.1,39.0,21.7,-1
5881,2.0,2.0,0.06,22.2,23.1,97.0,11.6,0
5882,2.0,1.0,0.06,22.2,23.1,97.0,11.6,-1
5883,2.0,2.0,0.06,22.2,23.1,97.0,11.6,-1
5885,3.0,1.0,0.06,22.2,23.1,97.0,11.6,0
5887,2.0,1.0,0.06,22.2,23.1,97.0,11.6,0
5890,3.0,2.0,0.06,22.2,23.1,97.0,11.6,-1
5893,2.0,1.0,0.09,22.6,23.1,98.0,10.4,-1
5894,1.0,1.0,0.09,22.6,23.1,98.0,10.4,-1
5897,2.0,1.0,0.02,22.85,23.1,39.0,6.5,-1
5898,2.0,1.0,0.02,22.85,23.1,39.0,6.5,0
5900,3.0,2.0,0.02,22.85,23.1,39.0,6.5,-1
5903,3.0,1.0,0.02,22.85,23.1,39.0,6.5,0
5905,2.0,2.0,0.02,22.85,23.1,39.0,6.5,-1
5906,1.0,1.0,0.02,22.85,23.1,39.0,6.5,-1
5909,3.0,1.0,0.02,22.85,23.1,39.0,6.5,-1
5918,2.0,2.0,0.02,22.85,23.1,39.0,6.5,0
5919,2.0,1.0,0.1,30.01,23.1,73.4,30.17,1
5920,2.0,2.0,0.1,30.01,23.1,73.4,30.17,0
5922,2.0,2.0,0.1,30.01,23.1,73.4,30.17,-1
5923,2.0,1.0,0.1,30.01,23.1,73.4,30.17,-1
5925,2.0,1.0,0.1,30.01,23.1,73.4,30.17,0
5926,1.0,1.0,0.1,30.01,23.1,73.4,30.17,0
5928,2.0,2.0,0.1,30.01,23.1,73.4,30.17,2
5929,1.0,2.0,0.1,30.01,23.1,73.4,30.17,0
5942,1.0,1.0,0.1,30.01,23.1,73.4,30.17,-1
5946,1.0,1.0,0.1,30.01,23.1,73.4,30.17,1
5949,2.0,2.0,0.1,30.01,23.1,73.4,30.17,1
5952,1.0,1.0,0.1,30.01,23.1,73.4,30.17,2
5964,2.0,1.0,0.1,30.01,23.1,73.4,30.17,2
5973,1.0,1.0,0.27,30.01625,30.0,77.0,29.72,0
5974,2.0,1.0,0.27,30.01625,30.0,77.0,29.72,0
5976,2.0,1.0,0.27,30.01625,30.0,77.0,29.72,1
5977,2.0,2.0,0.27,30.01625,30.0,77.0,29.72,0
5980,2.0,2.0,0.27,30.01625,30.0,77.0,29.72,-1
5990,2.0,2.0,0.27,30.01625,30.0,77.0,29.72,1
5994,2.0,1.0,0.27,30.01625,30.0,77.0,29.72,-1
5998,1.0,1.0,0.27,30.01625,30.0,77.0,29.72,1
6010,1.0,2.0,0.27,30.01625,30.0,77.0,29.72,1
6023,2.0,2.0,0.1,26.8,23.1,69.0,29.4,-2
6024,1.0,1.0,0.1,26.8,23.1,69.0,29.4,-1
6025,2.0,1.0,0.1,26.8,23.1,69.0,29.4,-1
6028,1.0,1.0,0.1,26.8,23.1,69.0,29.4,0
6031,2.0,2.0,0.1,26.8,23.1,69.0,29.4,-1
6032,1.0,2.0,0.1,26.8,23.1,69.0,29.4,0
6037,2.0,2.0,0.1,26.8,23.1,69.0,29.4,0
6039,1.0,2.0,0.1,26.8,23.1,69.0,29.4,-1
6051,1.0,2.0,0.1,26.8,23.1,69.0,29.4,-2
6069,1.0,2.0,0.1,23.7,23.1,79.0,27.8,0
6070,3.0,2.0,0.1,23.7,23.1,79.0,27.8,-1
6072,1.0,2.0,0.1,23.7,23.1,79.0,27.8,-1
6073,4.0,1.0,0.1,23.7,23.1,79.0,27.8,-1
6074,1.0,1.0,0.1,23.7,23.1,79.0,27.8,-1
6088,1.0,1.0,0.1,23.7,23.1,79.0,27.8,0
6090,2.0,2.0,0.1,23.7,23.1,79.0,27.8,-1
6097,2.0,2.0,0.1,23.7,23.1,79.0,27.8,0
6098,2.0,1.0,0.1,23.7,23.1,79.0,27.8,0
6107,2.0,1.0,0.1,23.7,23.1,79.0,27.8,-1
6115,2.0,2.0,0.1,28.5,23.1,86.5,27.5,0
6119,3.0,2.0,0.1,28.5,23.1,86.5,27.5,-1
6120,2.0,2.0,0.1,28.5,23.1,86.5,27.5,-1
6121,2.0,2.0,0.1,28.5,23.1,86.5,27.5,1
6122,2.0,1.0,0.1,28.5,23.1,86.5,27.5,0
6125,3.0,1.0,0.1,28.5,23.1,86.5,27.5,1
6127,3.0,1.0,0.1,28.5,23.1,86.5,27.5,0
6129,5.0,1.0,0.1,28.5,23.1,86.5,27.5,1
6135,3.0,2.0,0.1,28.5,23.1,86.5,27.5,0
6138,2.0,1.0,0.1,28.5,23.1,86.5,27.5,2
6151,2.0,2.0,0.15,25.7,23.1,81.5,27.8,-1
6155,2.0,1.0,0.15,25.7,23.1,81.5,27.8,-1
6156,2.0,1.0,0.15,25.7,23.1,81.5,27.8,0
6158,3.0,1.0,0.15,25.7,23.1,81.5,27.8,0
6160,1.0,1.0,0.15,25.7,23.1,81.5,27.8,-1
6161,3.0,2.0,0.15,25.7,23.1,81.5,27.8,-1
6164,2.0,2.0,0.15,25.7,23.1,81.5,27.8,0
6168,3.0,2.0,0.15,25.7,23.1,81.5,27.8,0
6185,2.0,1.0,0.15,25.7,23.1,81.5,27.8,1
6188,2.0,1.0,0.1,27.4,23.1,68.0,31.7,-1
6189,1.0,1.0,0.1,27.4,23.1,68.0,31.7,-1
6193,1.0,2.0,0.1,27.4,23.1,68.0,31.7,-1
6195,1.0,1.0,0.1,27.4,23.1,68.0,31.7,0
6203,2.0,2.0,0.1,27.4,23.1,68.0,31.7,-1
6209,3.0,1.0,0.1,27.4,23.1,68.0,31.7,0
6210,1.0,1.0,0.1,27.4,23.1,68.0,31.7,-2
6214,1.0,2.0,0.1,27.4,23.1,68.0,31.7,0
6237,2.0,1.0,0.1,27.4,23.1,68.0,31.7,0
6240,2.0,2.0,0.1,23.7,23.1,32.0,33.0,0
6241,2.0,1.0,0.1,23.7,23.1,32.0,33.0,1
6242,2.0,1.0,0.1,23.7,23.1,32.0,33.0,0
6246,3.0,2.0,0.1,23.7,23.1,32.0,33.0,0
6250,1.0,2.0,0.1,23.7,23.1,32.0,33.0,2
6252,4.0,2.0,0.1,23.7,23.1,32.0,33.0,0
6254,5.0,2.0,0.1,23.7,23.1,32.0,33.0,0
6255,3.0,2.0,0.1,23.7,23.1,32.0,33.0,1
6259,2.0,1.0,0.1,23.7,23.1,32.0,33.0,-1
6262,2.0,2.0,0.1,23.7,23.1,32.0,33.0,-1
6265,1.0,2.0,0.1,23.7,23.1,32.0,33.0,1
6266,2.0,2.0,0.1,23.7,23.1,32.0,33.0,1
6270,2.0,1.0,0.1,23.7,23.1,32.0,33.0,2
6275,3.0,1.0,0.1,23.7,23.1,32.0,33.0,0
6277,2.0,2.0,0.1,23.7,23.1,32.0,33.0,2
6280,3.0,2.0,0.1,23.7,23.1,32.0,33.0,-1
6296,4.0,2.0,0.1,23.7,23.1,32.0,33.0,2
6318,2.0,2.0,0.1,23.7,23.1,22.0,36.9,2
6320,2.0,1.0,0.1,23.7,23.1,22.0,36.9,0
6321,2.0,2.0,0.1,23.7,23.1,22.0,36.9,1
6323,4.0,2.0,0.1,23.7,23.1,22.0,36.9,0
6325,2.0,2.0,0.1,23.7,23.1,22.0,36.9,0
6326,3.0,2.0,0.1,23.7,23.1,22.0,36.9,-2
6327,1.0,2.0,0.1,23.7,23.1,22.0,36.9,1
6328,3.0,2.0,0.1,23.7,23.1,22.0,36.9,0
6329,3.0,2.0,0.1,23.7,23.1,22.0,36.9,-1
6343,3.0,2.0,0.1,23.7,23.1,90.0,24.5,0
6344,1.0,1.0,0.1,23.7,23.1,90.0,24.5,-1
6345,2.0,1.0,0.1,23.7,23.1,90.0,24.5,-1
6348,1.0,2.0,0.1,23.7,23.1,90.0,24.5,0
6349,1.0,2.0,0.1,23.7,23.1,90.0,24.5,-1
6351,1.0,1.0,0.1,23.7,23.1,90.0,24.5,0
6353,2.0,2.0,0.1,23.7,23.1,90.0,24.5,-1
6356,2.0,2.0,0.1,23.7,23.1,90.0,24.5,0
6357,2.0,1.0,0.1,23.7,23.1,90.0,24.5,0
6358,1.0,1.0,0.1,23.7,23.1,90.0,24.5,-2
6361,1.0,2.0,0.1,23.7,23.1,90.0,24.5,1
6372,5.0,2.0,0.1,23.7,23.1,90.0,24.5,-1
6391,2.0,1.0,0.1,23.7,23.1,62.5,19.94,0
6393,1.0,1.0,0.1,23.7,23.1,62.5,19.94,0
6394,1.0,1.0,0.1,23.7,23.1,62.5,19.94,-1
6395,1.0,2.0,0.1,23.7,23.1,62.5,19.94,0
6397,4.0,1.0,0.1,23.7,23.1,62.5,19.94,0
6398,1.0,2.0,0.1,23.7,23.1,62.5,19.94,1
6399,1.0,2.0,0.1,23.7,23.1,62.5,19.94,-1
6400,2.0,2.0,0.1,23.7,23.1,62.5,19.94,0
6401,2.0,2.0,0.1,23.7,23.1,62.5,19.94,1
6404,2.0,2.0,0.1,23.7,23.1,62.5,19.94,-1
6406,3.0,2.0,0.1,23.7,23.1,62.5,19.94,0
6408,3.0,2.0,0.1,23.7,23.1,62.5,19.94,-1
6425,2.0,2.0,0.1,23.7,23.1,62.5,19.94,2
6427,1.0,2.0,0.1,23.7,23.1,72.0,31.0,0
6429,1.0,2.0,0.1,23.7,23.1,72.0,31.0,-1
6431,1.0,1.0,0.1,23.7,23.1,72.0,31.0,-1
6432,2.0,2.0,0.1,23.7,23.1,72.0,31.0,-1
6433,2.0,2.0,0.1,23.7,23.1,72.0,31.0,0
6434,2.0,2.0,0.1,23.7,23.1,72.0,31.0,1
6445,4.0,1.0,0.1,23.7,23.1,72.0,31.0,-1
6446,2.0,1.0,0.1,23.7,23.1,72.0,31.0,-2
6448,3.0,2.0,0.1,23.7,23.1,72.0,31.0,1
6449,3.0,2.0,0.1,23.7,23.1,72.0,31.0,2
6450,3.0,2.0,0.1,23.7,23.1,72.0,31.0,0
6453,2.0,1.0,0.1,23.7,23.1,72.0,31.0,0
6456,2.0,1.0,0.1,23.7,23.1,72.0,31.0,-1
6460,3.0,2.0,0.1,23.7,23.1,72.0,31.0,-1
6465,2.0,2.0,0.1,23.7,23.1,72.0,31.0,-2
6471,2.0,2.0,0.1,23.7,23.1,83.0,24.0,0
6472,2.0,2.0,0.1,23.7,23.1,83.0,24.0,-1
6473,3.0,2.0,0.1,23.7,23.1,83.0,24.0,0
6476,3.0,2.0,0.1,23.7,23.1,83.0,24.0,-1
6483,2.0,2.0,0.1,23.7,23.1,83.0,24.0,2
6485,1.0,2.0,0.1,23.7,23.1,83.0,24.0,2
6490,2.0,1.0,0.1,23.7,23.1,83.0,24.0,-1
6492,3.0,1.0,0.1,23.7,23.1,83.0,24.0,0
6495,2.0,1.0,0.1,23.7,23.1,83.0,24.0,0
6500,2.0,2.0,0.1,23.7,23.1,83.0,24.0,1
6516,3.0,2.0,0.1,23.7,23.1,83.0,24.0,1
6521,1.0,1.0,0.1,23.7,23.1,100.0,7.0,0
6525,1.0,2.0,0.1,23.7,23.1,100.0,7.0,-1
6526,2.0,1.0,0.1,23.7,23.1,100.0,7.0,0
6529,3.0,2.0,0.1,23.7,23.1,100.0,7.0,-1
6530,2.0,2.0,0.1,23.7,23.1,100.0,7.0,0
6532,1.0,2.0,0.1,23.7,23.1,100.0,7.0,0
6541,1.0,1.0,0.1,23.7,23.1,100.0,7.0,-1
6546,2.0,1.0,0.1,23.7,23.1,100.0,7.0,-1
6579,1.0,1.0,0.1,23.7,23.1,100.0,7.0,-2
6587,3.0,2.0,0.1,23.7,23.1,100.0,7.0,0
6588,2.0,2.0,0.1,23.7,23.1,100.0,7.0,-1
6592,2.0,2.0,0.1,23.7,23.1,100.0,7.0,1
6596,6.0,2.0,0.1,23.7,23.1,100.0,7.0,0
6630,1.0,1.0,0.1,23.7,23.1,100.0,7.0,1
6632,1.0,2.0,0.1,23.7,23.1,100.0,7.0,1
6633,4.0,2.0,0.1,23.7,23.1,100.0,7.0,0
6670,1.0,1.0,0.1,23.7,23.1,69.0,22.0,-1
6671,2.0,1.0,0.1,23.7,23.1,69.0,22.0,-1
6672,1.0,1.0,0.1,23.7,23.1,69.0,22.0,0
6674,2.0,2.0,0.1,23.7,23.1,69.0,22.0,-1
6688,2.0,2.0,0.1,23.7,23.1,69.0,22.0,-2
6695,2.0,1.0,0.1,23.7,23.1,69.0,22.0,0
6696,1.0,2.0,0.1,23.7,23.1,69.0,22.0,0
6706,1.0,2.0,0.1,23.7,23.1,69.0,22.0,-1
6710,2.0,2.0,0.1,23.7,23.1,69.0,22.0,0
6711,1.0,1.0,0.1,23.7,23.1,69.0,14.0,0
6712,1.0,1.0,0.1,23.7,23.1,69.0,14.0,-1
6714,1.0,2.0,0.1,23.7,23.1,69.0,14.0,-1
6716,2.0,2.0,0.1,23.7,23.1,69.0,14.0,-1
6718,2.0,1.0,0.1,23.7,23.1,69.0,14.0,-1
6720,2.0,1.0,0.1,23.7,23.1,69.0,14.0,-2
6722,2.0,1.0,0.1,23.7,23.1,69.0,14.0,0
6725,2.0,1.0,0.1,23.7,23.1,75.0,32.0,-1
6726,2.0,1.0,0.1,23.7,23.1,75.0,32.0,0
6729,2.0,2.0,0.1,23.7,23.1,75.0,32.0,-1
6733,2.0,1.0,0.1,23.7,23.1,75.0,32.0,-2
6736,1.0,1.0,0.1,23.7,23.1,75.0,32.0,-1
6738,2.0,1.0,0.1,23.7,23.1,75.0,32.0,2
6747,2.0,1.0,0.1,23.7,23.1,63.0,32.8,0
6748,2.0,1.0,0.1,23.7,23.1,63.0,32.8,-1
6751,2.0,2.0,0.1,23.7,23.1,63.0,32.8,-1
6760,2.0,1.0,0.1,23.7,23.1,63.0,32.8,2
6769,2.0,2.0,0.1,23.7,23.1,63.0,32.8,0
6771,2.0,2.0,0.1,23.7,23.1,20.0,35.0,0
6772,2.0,1.0,0.1,23.7,23.1,20.0,35.0,0
6777,1.0,1.0,0.1,23.7,23.1,20.0,35.0,0
6778,2.0,1.0,0.1,23.7,23.1,20.0,35.0,-1
6784,1.0,1.0,0.1,23.7,23.1,20.0,35.0,2
6786,2.0,2.0,0.1,23.7,23.1,20.0,35.0,-1
6797,2.0,2.0,0.1,23.7,23.1,89.0,27.8,-1
6798,2.0,1.0,0.1,23.7,23.1,89.0,27.8,2
6800,2.0,2.0,0.1,23.7,23.1,89.0,27.8,0
6804,1.0,1.0,0.1,23.7,23.1,89.0,27.8,-1
6806,2.0,1.0,0.1,23.7,23.1,89.0,27.8,1
6807,2.0,1.0,0.1,23.7,23.1,89.0,27.8,0
6808,2.0,2.0,0.1,23.7,23.1,61.0,27.2,0
6811,2.0,2.0,0.1,23.7,23.1,61.0,27.2,-1
6812,1.0,1.0,0.1,23.7,23.1,61.0,27.2,0
6815,2.0,1.0,0.1,23.7,23.1,61.0,27.2,0
6816,1.0,1.0,0.1,23.7,23.1,61.0,27.2,-1
6824,2.0,1.0,0.1,23.7,23.1,61.0,27.2,2
6825,2.0,1.0,0.1,23.7,23.1,61.0,27.2,-1
6834,1.0,1.0,0.1,23.7,23.1,61.0,27.2,2
6863,1.0,1.0,0.02,26.725,26.6,58.3,19.8,0
6864,1.0,1.0,0.02,26.725,26.6,58.3,19.8,2
6865,1.0,2.0,0.02,26.725,26.6,58.3,19.8,0
6866,1.0,1.0,0.02,26.725,26.6,58.3,19.8,1
6867,2.0,2.0,0.02,26.725,26.6,58.3,19.8,0
6868,2.0,1.0,0.02,26.725,26.6,58.3,19.8,0
6873,2.0,2.0,0.11,25.095,24.9,47.2,22.7,-1
6874,1.0,1.0,0.11,25.095,24.9,47.2,22.7,-1
6875,2.0,2.0,0.11,25.095,24.9,47.2,22.7,0
6876,1.0,1.0,0.11,25.095,24.9,47.2,22.7,0
6877,2.0,1.0,0.11,25.095,24.9,47.2,22.7,-2
6879,1.0,1.0,0.13,24.75,24.7,39.5,25.8,1
6880,1.0,1.0,0.13,24.75,24.7,39.5,25.8,0
6881,1.0,2.0,0.13,24.75,24.7,39.5,25.8,-1
6882,2.0,2.0,0.13,24.75,24.7,39.5,25.8,0
6884,1.0,2.0,0.13,24.75,24.7,39.5,25.8,0
6886,1.0,2.0,0.29,28.15,27.7,35.1,30.6,1
6887,1.0,1.0,0.29,28.15,27.7,35.1,30.6,0
6888,2.0,2.0,0.29,28.15,27.7,35.1,30.6,0
6889,1.0,1.0,0.29,28.15,27.7,35.1,30.6,1
6891,1.0,1.0,0.29,28.15,27.7,35.1,30.6,2
6892,2.0,2.0,0.29,28.15,27.7,35.1,30.6,1
6898,2.0,1.0,0.29,28.15,27.7,35.1,30.6,1
6904,1.0,2.0,0.29,28.15,27.7,35.1,30.6,0
6914,1.0,2.0,0.29,28.15,27.7,35.1,30.6,2
6923,1.0,1.0,0.1,24.72,23.1,50.4,22.5,1
6924,2.0,2.0,0.1,24.72,23.1,50.4,22.5,0
6925,1.0,2.0,0.1,24.72,23.1,50.4,22.5,0
6928,1.0,1.0,0.1,24.72,23.1,50.4,22.5,0
6929,1.0,2.0,0.1,24.72,23.1,50.4,22.5,1
6945,1.0,1.0,0.1,24.72,23.1,50.4,22.5,-1
6947,2.0,2.0,0.1,24.72,23.1,50.4,22.5,-1
6948,1.0,2.0,0.1,24.72,23.1,50.4,22.5,-1
6950,1.0,2.0,0.1,25.11,23.1,54.2,22.2,1
6951,1.0,2.0,0.1,25.11,23.1,54.2,22.2,0
6952,2.0,2.0,0.1,25.11,23.1,54.2,22.2,0
6961,1.0,1.0,0.1,25.11,23.1,54.2,22.2,0
6967,1.0,2.0,0.1,25.11,23.1,54.2,22.2,-1
6973,2.0,1.0,0.1,25.11,23.1,54.2,22.2,0
6977,2.0,2.0,0.1,25.11,23.1,54.2,22.2,1
6978,1.0,1.0,0.1,25.11,23.1,54.2,22.2,1
6986,1.0,1.0,0.1,25.11,23.1,54.2,22.2,2
7012,1.0,1.0,0.1,25.11,23.1,54.2,22.2,-1
7030,3.0,2.0,0.1,25.11,23.1,54.2,22.2,0
7058,1.0,1.0,0.1,23.7,23.1,34.0,16.0,0
7059,2.0,2.0,0.1,23.7,23.1,34.0,16.0,0
7061,1.0,1.0,0.1,23.7,23.1,34.0,16.0,1
7062,2.0,2.0,0.1,23.7,23.1,34.0,16.0,-1
7063,1.0,2.0,0.1,23.7,23.1,34.0,16.0,0
7065,2.0,1.0,0.1,23.7,23.1,34.0,16.0,0
7072,3.0,1.0,0.1,23.7,23.1,34.0,16.0,-1
7075,2.0,1.0,0.1,23.7,23.1,34.0,16.0,-1
7076,2.0,2.0,0.1,23.7,23.1,34.0,16.0,1
7078,1.0,1.0,0.1,23.7,23.1,34.0,16.0,-1
7098,3.0,2.0,0.1,23.7,23.1,34.0,16.0,0
7100,3.0,2.0,0.1,23.7,23.1,34.0,16.0,1
7102,1.0,2.0,0.1,23.7,23.1,63.0,14.0,-1
7103,2.0,2.0,0.1,23.7,23.1,63.0,14.0,0
7104,1.0,2.0,0.1,23.7,23.1,63.0,14.0,0
7105,2.0,2.0,0.1,23.7,23.1,63.0,14.0,-1
7108,1.0,1.0,0.1,23.7,23.1,63.0,14.0,0
7109,5.0,2.0,0.1,23.7,23.1,63.0,14.0,0
7110,2.0,1.0,0.1,23.7,23.1,63.0,14.0,0
7118,1.0,1.0,0.1,23.7,23.1,63.0,14.0,-1
7120,2.0,2.0,0.1,23.7,23.1,93.0,-2.0,-1
7121,1.0,1.0,0.1,23.7,23.1,93.0,-2.0,-1
7122,4.0,2.0,0.1,23.7,23.1,93.0,-2.0,0
7124,1.0,2.0,0.1,23.7,23.1,93.0,-2.0,-1
7126,2.0,1.0,0.1,23.7,23.1,93.0,-2.0,-1
7132,2.0,2.0,0.1,23.7,23.1,93.0,-2.0,0
7139,6.0,2.0,0.1,23.7,23.1,93.0,-2.0,-1
7140,1.0,2.0,0.1,23.7,23.1,93.0,-2.0,0
7143,3.0,2.0,0.1,23.7,23.1,93.0,-2.0,0
7152,2.0,1.0,0.1,23.7,23.1,93.0,-2.0,0
7154,1.0,2.0,0.1,23.7,23.1,67.0,-10.0,0
7155,2.0,2.0,0.1,23.7,23.1,67.0,-10.0,0
7156,4.0,1.0,0.1,23.7,23.1,67.0,-10.0,0
7159,3.0,2.0,0.1,23.7,23.1,67.0,-10.0,0
7161,1.0,2.0,0.1,23.7,23.1,67.0,-10.0,1
7162,2.0,2.0,0.1,23.7,23.1,67.0,-10.0,-1
7164,4.0,2.0,0.1,23.7,23.1,67.0,-10.0,0
7178,5.0,2.0,0.1,23.7,23.1,67.0,-10.0,0
7181,3.0,1.0,0.1,23.7,23.1,67.0,-10.0,-1
7185,1.0,2.0,0.1,23.7,23.1,67.0,-10.0,-1
7195,3.0,2.0,0.1,23.7,23.1,67.0,-10.0,-1
7208,2.0,1.0,0.1,23.7,23.1,67.0,-10.0,0
7217,2.0,1.0,0.1,23.7,23.1,67.0,-10.0,-1
7223,3.0,1.0,0.1,23.0,23.1,67.0,15.0,-1
7224,3.0,2.0,0.1,23.0,23.1,67.0,15.0,-1
7225,2.0,1.0,0.1,23.0,23.1,67.0,15.0,0
7226,2.0,2.0,0.1,23.0,23.1,67.0,15.0,0
7229,1.0,1.0,0.1,23.0,23.1,67.0,15.0,-1
7230,1.0,2.0,0.1,23.0,23.1,67.0,15.0,0
7231,6.0,1.0,0.1,23.0,23.1,67.0,15.0,0
7233,2.0,2.0,0.1,23.0,23.1,67.0,15.0,-1
7234,3.0,1.0,0.1,23.0,23.1,67.0,15.0,0
7235,4.0,2.0,0.1,23.0,23.1,67.0,15.0,-1
7238,3.0,2.0,0.1,23.0,23.1,67.0,15.0,0
7242,2.0,2.0,0.1,23.0,23.1,67.0,15.0,1
7243,2.0,1.0,0.1,23.0,23.1,67.0,15.0,-1
7258,3.0,1.0,0.1,23.0,23.1,67.0,15.0,1
7274,2.0,1.0,0.1,19.0,23.1,78.0,8.0,-1
7275,6.0,2.0,0.1,19.0,23.1,78.0,8.0,-1
7276,3.0,1.0,0.1,19.0,23.1,78.0,8.0,-1
7277,1.0,1.0,0.1,19.0,23.1,78.0,8.0,-1
7279,1.0,1.0,0.1,19.0,23.1,78.0,8.0,0
7280,2.0,2.0,0.1,19.0,23.1,78.0,8.0,0
7282,1.0,2.0,0.1,19.0,23.1,78.0,8.0,-1
7285,2.0,1.0,0.1,19.0,23.1,78.0,8.0,0
7288,2.0,2.0,0.1,19.0,23.1,78.0,8.0,-1
7295,4.0,1.0,0.1,19.0,23.1,78.0,8.0,-1
7297,3.0,1.0,0.1,19.0,23.1,78.0,8.0,0
7300,3.0,2.0,0.1,19.0,23.1,78.0,8.0,-1
7304,1.0,2.0,0.1,19.0,23.1,78.0,8.0,0
7308,2.0,1.0,0.1,19.0,23.1,78.0,8.0,-2
7331,6.0,1.0,0.1,19.0,23.1,78.0,8.0,-2
7338,3.0,2.0,0.1,19.0,23.1,78.0,8.0,0
7341,4.0,2.0,0.1,19.0,23.1,78.0,8.0,-1
7343,1.0,1.0,0.3,27.36,27.55,60.912,27.65,-1
7345,1.0,1.0,0.3,27.36,27.55,60.912,27.65,0
7346,1.0,2.0,0.3,27.36,27.55,60.912,27.65,-1
7348,2.0,1.0,0.3,27.36,27.55,60.912,27.65,-1
7351,1.0,1.0,0.3,27.36,27.55,60.912,27.65,-2
7353,1.0,1.0,0.3,27.36,27.55,60.912,27.65,1
7355,6.0,1.0,0.3,27.36,27.55,60.912,27.65,-1
7358,3.0,1.0,0.3,27.36,27.55,60.912,27.65,-1
7360,2.0,2.0,0.3,27.36,27.55,60.912,27.65,-1
7363,2.0,1.0,0.3,27.36,27.55,60.912,27.65,-2
7371,2.0,1.0,0.7,27.267,27.41,59.4,26.27,-1
7372,2.0,1.0,0.7,27.267,27.41,59.4,26.27,0
7374,1.0,1.0,0.7,27.267,27.41,59.4,26.27,0
7379,2.0,1.0,0.7,27.267,27.41,59.4,26.27,-2
7380,1.0,2.0,0.7,27.267,27.41,59.4,26.27,-1
7383,2.0,2.0,0.7,27.267,27.41,59.4,26.27,-1
7390,2.0,1.0,0.7,27.267,27.41,59.4,26.27,1
7393,1.0,1.0,0.7,27.267,27.41,59.4,26.27,-1
7394,1.0,2.0,0.7,27.267,27.41,59.4,26.27,0
7399,2.0,2.0,0.7,27.267,27.41,59.4,26.27,0
7401,2.0,2.0,0.7,27.267,27.41,59.4,26.27,1
7405,1.0,1.0,0.7,27.267,27.41,59.4,26.27,1
7410,1.0,1.0,0.6,25.9,26.72,60.7,25.08,0
7412,1.0,1.0,0.6,25.9,26.72,60.7,25.08,-2
7413,1.0,1.0,0.6,25.9,26.72,60.7,25.08,-1
7414,2.0,2.0,0.6,25.9,26.72,60.7,25.08,-1
7416,2.0,1.0,0.6,25.9,26.72,60.7,25.08,0
7418,2.0,2.0,0.6,25.9,26.72,60.7,25.08,0
7426,1.0,2.0,0.6,25.9,26.72,60.7,25.08,0
7430,2.0,1.0,0.6,25.9,26.72,60.7,25.08,-1
7431,1.0,2.0,0.6,25.9,26.72,60.7,25.08,-2
7432,2.0,1.0,0.6,25.9,26.72,60.7,25.08,-2
7444,1.0,2.0,0.6,25.9,26.72,60.7,25.08,-1
7452,2.0,1.0,0.4,19.29,25.4,49.0,13.18,0
7453,2.0,2.0,0.4,19.29,25.4,49.0,13.18,-1
7454,2.0,1.0,0.4,19.29,25.4,49.0,13.18,-1
7465,2.0,2.0,0.4,19.29,25.4,49.0,13.18,0
7472,4.0,1.0,0.4,19.29,25.4,49.0,13.18,0
7473,3.0,1.0,0.4,19.29,25.4,49.0,13.18,-1
7487,2.0,1.0,0.4,19.29,25.4,49.0,13.18,-2
7489,6.0,1.0,0.4,19.29,25.4,49.0,13.18,-1
7490,2.0,2.0,0.4,19.29,25.4,49.0,13.18,-2
7497,1.0,1.0,0.04,29.85,23.1,75.0,24.0,-1
7499,2.0,2.0,0.04,29.85,23.1,75.0,24.0,0
7503,2.0,1.0,0.04,29.85,23.1,75.0,24.0,-1
7504,2.0,2.0,0.04,29.85,23.1,75.0,24.0,2
7505,3.0,1.0,0.04,29.85,23.1,75.0,24.0,2
7506,1.0,1.0,0.04,29.85,23.1,75.0,24.0,0
7510,1.0,2.0,0.04,29.85,23.1,75.0,24.0,2
7512,1.0,2.0,0.04,29.85,23.1,75.0,24.0,0
7514,1.0,2.0,0.04,29.85,23.1,75.0,24.0,-1
7524,1.0,1.0,0.04,29.85,23.1,75.0,24.0,2
7526,2.0,1.0,0.04,29.85,23.1,75.0,24.0,0
7528,3.0,1.0,0.04,29.85,23.1,75.0,24.0,0
7538,2.0,2.0,0.04,29.85,23.1,75.0,24.0,1
7545,1.0,2.0,0.04,29.85,23.1,75.0,24.0,1
7548,2.0,2.0,0.04,25.65,23.1,78.0,24.0,-1
7549,2.0,1.0,0.04,25.65,23.1,78.0,24.0,-2
7550,2.0,1.0,0.04,25.65,23.1,78.0,24.0,-1
7552,2.0,2.0,0.04,25.65,23.1,78.0,24.0,0
7558,2.0,2.0,0.04,25.65,23.1,78.0,24.0,-2
7561,1.0,1.0,0.04,25.65,23.1,78.0,24.0,-1
7568,4.0,2.0,0.04,25.65,23.1,78.0,24.0,0
7569,3.0,1.0,0.04,25.65,23.1,78.0,24.0,0
7572,3.0,2.0,0.04,25.65,23.1,78.0,24.0,1
7574,1.0,1.0,0.04,25.65,23.1,78.0,24.0,-2
7575,1.0,2.0,0.04,25.65,23.1,78.0,24.0,-1
7579,2.0,1.0,0.04,25.65,23.1,78.0,24.0,0
7580,2.0,2.0,0.04,25.65,23.1,78.0,24.0,1
7597,1.0,1.0,0.04,25.65,23.1,78.0,24.0,0
7598,3.0,2.0,0.1,23.7,23.1,72.0,20.4,0
7599,2.0,1.0,0.1,23.7,23.1,72.0,20.4,1
7600,1.0,1.0,0.1,23.7,23.1,72.0,20.4,0
7601,1.0,1.0,0.1,23.7,23.1,72.0,20.4,-1
7602,2.0,1.0,0.1,23.7,23.1,72.0,20.4,-1
7604,2.0,1.0,0.1,23.7,23.1,72.0,20.4,0
7605,1.0,2.0,0.1,23.7,23.1,72.0,20.4,-1
7606,2.0,2.0,0.1,23.7,23.1,72.0,20.4,-1
7609,2.0,2.0,0.1,23.7,23.1,72.0,20.4,0
7610,3.0,2.0,0.1,23.7,23.1,72.0,20.4,-1
7614,4.0,2.0,0.1,23.7,23.1,72.0,20.4,-1
7627,2.0,1.0,0.1,23.7,23.1,72.0,20.4,-2
7629,3.0,1.0,0.1,23.7,23.1,72.0,20.4,0
7634,4.0,2.0,0.1,23.0,23.1,48.0,7.1,0
7635,3.0,1.0,0.1,23.0,23.1,48.0,7.1,0
7636,4.0,1.0,0.1,23.0,23.1,48.0,7.1,-1
7637,5.0,2.0,0.1,23.0,23.1,48.0,7.1,-1
7638,3.0,2.0,0.1,23.0,23.1,48.0,7.1,-1
7639,2.0,1.0,0.1,23.0,23.1,48.0,7.1,0
7640,2.0,1.0,0.1,23.0,23.1,48.0,7.1,-1
7641,2.0,2.0,0.1,23.0,23.1,48.0,7.1,-2
7644,3.0,2.0,0.1,23.0,23.1,48.0,7.1,0
7648,2.0,2.0,0.1,23.0,23.1,48.0,7.1,-1
7651,3.0,1.0,0.1,23.0,23.1,48.0,7.1,-1
7664,2.0,2.0,0.1,23.0,23.1,48.0,7.1,0
7667,2.0,2.0,0.1,23.0,23.1,48.0,7.1,1
7670,4.0,2.0,0.1,24.5,23.1,76.0,23.0,0
7671,1.0,1.0,0.1,24.5,23.1,76.0,23.0,-1
7672,1.0,2.0,0.1,24.5,23.1,76.0,23.0,-1
7673,3.0,1.0,0.1,24.5,23.1,76.0,23.0,0
7675,2.0,1.0,0.1,24.5,23.1,76.0,23.0,0
7676,2.0,2.0,0.1,24.5,23.1,76.0,23.0,-1
7680,2.0,1.0,0.1,24.5,23.1,76.0,23.0,-1
7681,2.0,2.0,0.1,24.5,23.1,76.0,23.0,0
7683,3.0,2.0,0.1,24.5,23.1,76.0,23.0,-1
7692,3.0,1.0,0.1,24.5,23.1,76.0,23.0,-1
7699,3.0,2.0,0.1,24.5,23.1,76.0,23.0,0
7712,1.0,2.0,0.1,28.3,23.1,62.5,26.4,2
7713,2.0,2.0,0.1,28.3,23.1,62.5,26.4,2
7714,1.0,1.0,0.1,28.3,23.1,62.5,26.4,0
7715,2.0,1.0,0.1,28.3,23.1,62.5,26.4,0
7716,1.0,2.0,0.1,28.3,23.1,62.5,26.4,0
7717,2.0,2.0,0.1,28.3,23.1,62.5,26.4,1
7720,1.0,1.0,0.1,28.3,23.1,62.5,26.4,1
7721,2.0,1.0,0.1,28.3,23.1,62.5,26.4,1
7722,1.0,1.0,0.1,28.3,23.1,62.5,26.4,2
7728,1.0,2.0,0.1,28.3,23.1,62.5,26.4,1
7730,4.0,1.0,0.1,28.3,23.1,62.5,26.4,2
7737,2.0,1.0,0.1,28.3,23.1,62.5,26.4,2
7743,3.0,2.0,0.1,28.3,23.1,62.5,26.4,1
7753,3.0,2.0,0.1,28.3,23.1,62.5,26.4,2
7759,6.0,2.0,0.1,28.3,23.1,62.5,26.4,0
7787,3.0,1.0,0.1,23.7,23.1,80.0,16.0,-1
7788,2.0,1.0,0.1,23.7,23.1,80.0,16.0,0
7789,2.0,2.0,0.1,23.7,23.1,80.0,16.0,-1
7790,1.0,1.0,0.1,23.7,23.1,80.0,16.0,-1
7792,4.0,2.0,0.1,23.7,23.1,80.0,16.0,0
7793,2.0,1.0,0.1,23.7,23.1,80.0,16.0,-1
7794,2.0,2.0,0.1,23.7,23.1,80.0,16.0,0
7800,1.0,2.0,0.1,23.7,23.1,80.0,16.0,-1
7802,1.0,1.0,0.1,23.7,23.1,80.0,16.0,0
7811,2.0,2.0,0.1,23.7,23.1,80.0,16.0,-2
7813,2.0,1.0,0.1,23.7,23.1,80.0,16.0,-2
7823,1.0,2.0,0.1,23.7,23.1,80.0,16.0,0
7855,4.0,1.0,0.1,23.7,23.1,80.0,16.0,-1
7860,3.0,2.0,0.1,23.7,23.1,80.0,16.0,-1
7885,4.0,2.0,0.1,23.7,23.1,80.0,16.0,-2
7899,3.0,2.0,0.1,23.7,23.1,80.0,16.0,0
7908,3.0,1.0,0.1,23.7,23.1,80.0,16.0,0
7916,1.0,1.0,0.1,23.7,23.1,80.0,16.0,-2
7944,4.0,2.0,0.1,23.7,23.1,80.0,16.0,-1
7945,3.0,2.0,0.1,21.315,20.3,99.0,7.6,-1
7946,2.0,2.0,0.1,21.315,20.3,99.0,7.6,-1
7947,2.0,2.0,0.1,21.315,20.3,99.0,7.6,0
7948,4.0,1.0,0.1,21.315,20.3,99.0,7.6,1
7952,3.0,2.0,0.1,21.315,20.3,99.0,7.6,0
7953,1.0,1.0,0.1,21.315,20.3,99.0,7.6,0
7954,1.0,1.0,0.1,21.315,20.3,99.0,7.6,-1
7957,2.0,1.0,0.1,21.315,20.3,99.0,7.6,-1
7960,1.0,2.0,0.1,21.315,20.3,99.0,7.6,0
7966,2.0,1.0,0.1,21.315,20.3,99.0,7.6,0
7971,4.0,1.0,0.1,21.315,20.3,99.0,7.6,-2
7974,4.0,2.0,0.1,21.315,20.3,99.0,7.6,-1
7975,1.0,2.0,0.1,21.315,20.3,99.0,7.6,-1
7977,2.0,2.0,0.1,21.315,20.3,99.0,7.6,-2
7978,4.0,2.0,0.1,21.315,20.3,99.0,7.6,0
7991,2.0,1.0,0.1,21.315,20.3,99.0,7.6,-2
8002,3.0,1.0,0.1,21.315,20.3,99.0,7.6,0
8005,6.0,1.0,0.1,21.315,20.3,99.0,7.6,-1
8010,5.0,2.0,0.1,21.315,20.3,99.0,7.6,0
8015,6.0,2.0,0.1,21.315,20.3,99.0,7.6,-1
8024,2.0,2.0,0.1,21.8,20.5,83.0,12.8,-1
8025,3.0,2.0,0.1,21.8,20.5,83.0,12.8,-1
8026,3.0,1.0,0.1,21.8,20.5,83.0,12.8,-1
8027,2.0,2.0,0.1,21.8,20.5,83.0,12.8,0
8028,1.0,2.0,0.1,21.8,20.5,83.0,12.8,0
8029,6.0,2.0,0.1,21.8,20.5,83.0,12.8,-1
8030,3.0,1.0,0.1,21.8,20.5,83.0,12.8,0
8031,1.0,1.0,0.1,21.8,20.5,83.0,12.8,1
8032,6.0,1.0,0.1,21.8,20.5,83.0,12.8,-1
8035,3.0,2.0,0.1,21.8,20.5,83.0,12.8,0
8038,2.0,1.0,0.1,21.8,20.5,83.0,12.8,-1
8042,2.0,1.0,0.1,21.8,20.5,83.0,12.8,0
8043,1.0,2.0,0.1,21.8,20.5,83.0,12.8,1
8045,1.0,1.0,0.1,21.8,20.5,83.0,12.8,0
8047,1.0,1.0,0.1,21.8,20.5,83.0,12.8,-1
8050,4.0,1.0,0.1,21.8,20.5,83.0,12.8,-1
8051,1.0,2.0,0.1,21.8,20.5,83.0,12.8,-1
8057,1.0,2.0,0.1,21.8,20.5,83.0,12.8,2
8103,6.0,2.0,0.1,21.8,20.5,83.0,12.8,0
8109,4.0,1.0,0.1,21.8,20.5,83.0,12.8,0
8120,3.0,1.0,0.1,23.7,23.1,50.0,29.2,0
8121,2.0,1.0,0.1,23.7,23.1,50.0,29.2,0
8122,2.0,2.0,0.1,23.7,23.1,50.0,29.2,0
8124,4.0,1.0,0.1,23.7,23.1,50.0,29.2,0
8129,2.0,1.0,0.1,23.7,23.1,50.0,29.2,-1
8131,2.0,2.0,0.1,23.7,23.1,50.0,29.2,-1
8134,6.0,2.0,0.1,23.7,23.1,50.0,29.2,-1
8139,4.0,2.0,0.1,23.7,23.1,50.0,29.2,-1
8140,2.0,1.0,0.1,23.7,23.1,50.0,29.2,-2
8143,3.0,2.0,0.1,23.7,23.1,50.0,29.2,-1
8144,6.0,1.0,0.1,23.7,23.1,50.0,29.2,-1
8145,4.0,2.0,0.1,23.7,23.1,50.0,29.2,-2
8150,3.0,1.0,0.1,23.7,23.1,50.0,29.2,-1
8157,2.0,2.0,0.1,23.7,23.1,83.0,17.2,-1
8158,4.0,1.0,0.1,23.7,23.1,83.0,17.2,0
8159,2.0,2.0,0.1,23.7,23.1,83.0,17.2,0
8160,2.0,1.0,0.1,23.7,23.1,83.0,17.2,0
8162,4.0,1.0,0.1,23.7,23.1,83.0,17.2,-2
8164,3.0,2.0,0.1,23.7,23.1,83.0,17.2,-1
8166,3.0,1.0,0.1,23.7,23.1,83.0,17.2,-1
8167,2.0,1.0,0.1,23.7,23.1,83.0,17.2,-1
8168,3.0,2.0,0.1,23.7,23.1,83.0,17.2,0
8169,3.0,1.0,0.1,23.7,23.1,83.0,17.2,0
8178,2.0,2.0,0.1,23.7,23.1,83.0,17.2,1
8179,4.0,2.0,0.1,23.7,23.1,83.0,17.2,-1
8186,2.0,1.0,0.1,23.7,23.1,83.0,17.2,-2
8204,3.0,2.0,0.1,23.7,23.1,83.0,17.2,-2
8206,2.0,1.0,0.1,23.7,23.1,54.0,18.0,-1
8207,4.0,1.0,0.1,23.7,23.1,54.0,18.0,0
8208,4.0,2.0,0.1,23.7,23.1,54.0,18.0,-1
8209,2.0,1.0,0.1,23.7,23.1,54.0,18.0,0
8210,2.0,2.0,0.1,23.7,23.1,54.0,18.0,-1
8211,2.0,2.0,0.1,23.7,23.1,54.0,18.0,0
8212,1.0,1.0,0.1,23.7,23.1,54.0,18.0,0
8221,3.0,2.0,0.1,23.7,23.1,54.0,18.0,-1
8222,4.0,2.0,0.1,23.7,23.1,54.0,18.0,0
8224,3.0,1.0,0.1,23.7,23.1,54.0,18.0,-1
